0.0402724009132, -0.111224528458, -0.508001793812, 0.0345, -0.12, -0.488725210397, -5.18568612631, -7.89792438783, 17.3489250729
0.0403593230005, -0.111225914086, -0.507958455725, 0.0344968417682, -0.12, -0.488725210397, -5.54647406672, -7.89252043673, 17.1799065334
0.0403593230005, -0.111225914086, -0.507958455725, 0.0344873675713, -0.12, -0.488725210397, -5.31318247673, -7.89667732219, 17.3099207945
0.0404312244276, -0.111228382525, -0.507907004658, 0.0344715789056, -0.12, -0.488725210397, -5.62675124828, -7.88705041005, 17.1092616357
0.0404293683896, -0.111229153218, -0.507893400081, 0.0344494782642, -0.12, -0.488725210397, -5.44263492284, -7.89145002645, 17.2105569849
0.0404293683896, -0.111229153218, -0.507893400081, 0.0344210691371, -0.12, -0.488725210397, -5.49269670854, -7.89376210386, 17.2513707156
0.040386439885, -0.111229093254, -0.507896500358, 0.0343863560104, -0.12, -0.488725210397, -5.37542935339, -7.89399596136, 17.2634617948
0.0403170336453, -0.11122851136, -0.507908677141, 0.0343453443657, -0.12, -0.488725210397, -5.28933656656, -7.89608545862, 17.3016504169
0.0401228157114, -0.111226852386, -0.507946754585, 0.0342980406793, -0.12, -0.488725210397, -4.80155478683, -7.90080977378, 17.4136221006
0.0400289809148, -0.111226309997, -0.507960190474, 0.0342444524208, -0.12, -0.488725210397, -5.08533603024, -7.89794816888, 17.3517897347
0.0400289809148, -0.111226309997, -0.507960190474, 0.0341845880526, -0.12, -0.488725210397, -5.4395466807, -7.89632100226, 17.3114820685
0.0399749671646, -0.111226292293, -0.507955198655, 0.0341184570279, -0.12, -0.488725210397, -5.30721094636, -7.89639004953, 17.2920139763
0.0399297705726, -0.111226792684, -0.5079432181, 0.0340460697895, -0.12, -0.488725210397, -5.37690264378, -7.89438541299, 17.260265268
0.0398699736552, -0.11122777078, -0.507933141332, 0.0339674377683, -0.12, -0.488725210397, -5.36878760952, -7.89207200727, 17.2569075367
0.0398019545202, -0.111229108674, -0.507924071066, 0.0338825733812, -0.12, -0.488725210397, -5.37797878169, -7.88978851402, 17.2517638037
0.0397189761909, -0.11123058722, -0.507919352818, 0.0337914900291, -0.12, -0.488725210397, -5.35905261388, -7.88803586111, 17.260573435
0.0396203357971, -0.111231999216, -0.507919628831, 0.0336942020954, -0.12, -0.488725210397, -5.3294629513, -7.88696471765, 17.2758046268
0.0395062496563, -0.111233203194, -0.507924973439, 0.0335907249427, -0.12, -0.488725210397, -5.29214527779, -7.88650519429, 17.2958205616
0.0393802405945, -0.111234136229, -0.507933901733, 0.0334810749115, -0.12, -0.488725210397, -5.26017202332, -7.88647828847, 17.3146070866
0.0391102537962, -0.111235402228, -0.507954715958, 0.0333652693166, -0.12, -0.488725210397, -4.70794242123, -7.88433999665, 17.3689976766
0.0391102537962, -0.111235402228, -0.507954715958, 0.0332433264451, -0.12, -0.488725210397, -5.64606323027, -7.88813799471, 17.3065550041
0.0390016215775, -0.111235851939, -0.507953536922, 0.0331152655533, -0.12, -0.488725210397, -5.35600644116, -7.88638412105, 17.3019567665
0.0389130914678, -0.111236261556, -0.507943524659, 0.0329811068634, -0.12, -0.488725210397, -5.47567188432, -7.88613575098, 17.2664460442
0.0387892793527, -0.111237050118, -0.507943442785, 0.0328408715607, -0.12, -0.488725210397, -5.4028365758, -7.88428920732, 17.296163529
0.0386453925196, -0.111238056431, -0.507949762966, 0.0326945817899, -0.12, -0.488725210397, -5.36293847002, -7.88273027312, 17.3210578534
0.0382883888789, -0.111240816385, -0.507985467581, 0.0325422606518, -0.12, -0.488725210397, -4.55746789659, -7.87498539206, 17.4413453114
0.0382883888789, -0.111240816385, -0.507985467581, 0.0323839321998, -0.12, -0.488725210397, -5.78899636728, -7.88326525372, 17.3342314654
0.0379806489719, -0.111243941996, -0.507997806318, 0.0322196214357, -0.12, -0.488725210397, -4.7546373536, -7.87107536909, 17.3823525403
0.0379806489719, -0.111243941996, -0.507997806318, 0.0320493543062, -0.12, -0.488725210397, -5.84896658783, -7.88045220342, 17.3453363288
0.0378090382831, -0.111246057433, -0.508006149661, 0.0318731576983, -0.12, -0.488725210397, -5.35605028365, -7.87220199821, 17.3778753642
0.0374104821634, -0.111250787904, -0.508036178299, 0.0316910594355, -0.12, -0.488725210397, -4.49810688408, -7.86009947549, 17.4699570254
0.0374104821634, -0.111250787904, -0.508036178299, 0.0315030882734, -0.12, -0.488725210397, -5.88056798744, -7.87429088658, 17.3798711112
0.0370516068372, -0.111254904503, -0.508042589127, 0.0313092738946, -0.12, -0.488725210397, -4.67291680616, -7.85823614932, 17.4048733409
0.0370516068372, -0.111254904503, -0.508042589127, 0.0311096469048, -0.12, -0.488725210397, -5.94664490855, -7.87058594722, 17.3856408565
0.0368573324293, -0.111257021399, -0.508046954707, 0.0309042388274, -0.12, -0.488725210397, -5.39118525035, -7.86233005165, 17.4026666206
0.0363810485194, -0.111261344342, -0.508079772415, 0.0306930820986, -0.12, -0.488725210397, -4.32378823531, -7.851821266, 17.5175589369
0.0363810485194, -0.111261344342, -0.508079772415, 0.0304762100627, -0.12, -0.488725210397, -5.96497071906, -7.86479009257, 17.4191058155
0.0361354469555, -0.111263492126, -0.508095439427, 0.0302536569661, -0.12, -0.488725210397, -5.22446558836, -7.85641373338, 17.4802071642
0.0359129975283, -0.111265368427, -0.508100869497, 0.0300254579525, -0.12, -0.488725210397, -5.31603437722, -7.85553951299, 17.454383398
0.0356426062764, -0.111267799218, -0.508118602777, 0.0297916490574, -0.12, -0.488725210397, -5.15611442672, -7.85168832912, 17.5072529822
0.0353705760629, -0.111270357065, -0.508134295022, 0.0295522672018, -0.12, -0.488725210397, -5.13853290139, -7.84900510197, 17.5152528985
0.0350978878978, -0.111273101231, -0.508147807381, 0.0293073501868, -0.12, -0.488725210397, -5.12817048948, -7.84597639209, 17.5208743604
0.0348379344827, -0.111275951103, -0.508154020923, 0.0290569366877, -0.12, -0.488725210397, -5.17427826749, -7.84309439125, 17.5045701004
0.0345924779084, -0.111278858536, -0.508152508252, 0.0288010662477, -0.12, -0.488725210397, -5.24351209168, -7.84030502148, 17.4800300561
0.0343614843849, -0.111281757404, -0.508143589863, 0.0285397792718, -0.12, -0.488725210397, -5.33041495907, -7.83772173023, 17.4497863534
0.0341354467181, -0.111284484839, -0.508131579263, 0.0282731170201, -0.12, -0.488725210397, -5.39797048294, -7.83578133999, 17.429700179
0.0336518894535, -0.111288845514, -0.508118942, 0.0280011216017, -0.12, -0.488725210397, -4.45100552824, -7.82695701109, 17.4164466518
0.0334152371621, -0.111290091083, -0.508114912863, 0.0277238359678, -0.12, -0.488725210397, -5.24416110208, -7.83518132009, 17.4386448086
0.0332561844705, -0.111290068917, -0.508091551833, 0.0274413039051, -0.12, -0.488725210397, -5.60383062213, -7.8390044735, 17.3596242006
0.0332561844705, -0.111290068917, -0.508091551833, 0.0271535700287, -0.12, -0.488725210397, -6.35555462699, -7.83893797497, 17.4297072917
0.0330801734005, -0.111289951692, -0.508078138597, 0.026860679775, -0.12, -0.488725210397, -5.948181814, -7.83939515241, 17.3773956714
0.0324143469632, -0.111291113386, -0.508162911585, 0.0265626793948, -0.12, -0.488725210397, -4.16302264022, -7.83451287163, 17.7482500335
0.0320106630667, -0.111292947885, -0.508229774154, 0.0262596159459, -0.12, -0.488725210397, -4.87408106584, -7.83084340606, 17.7546950896
0.0317148029142, -0.111295730242, -0.508255670663, 0.0259515372855, -0.12, -0.488725210397, -5.22359458982, -7.825495709, 17.6551037642
0.0314596770006, -0.111299621863, -0.508261536894, 0.0256384920627, -0.12, -0.488725210397, -5.41282437155, -7.81866546073, 17.6002925398
0.0314596770006, -0.111299621863, -0.508261536894, 0.025320529711, -0.12, -0.488725210397, -6.47911961554, -7.83034032315, 17.5826938468
0.0308466792562, -0.111309776159, -0.508297648357, 0.0249977004405, -0.12, -0.488725210397, -4.39357551271, -7.79073856773, 17.7235285545
0.0308466792562, -0.111309776159, -0.508297648357, 0.0246700552294, -0.12, -0.488725210397, -6.54189725711, -7.82120145651, 17.6151941639
0.0304160794102, -0.111316132934, -0.508350841819, 0.024337645817, -0.12, -0.488725210397, -5.17601893329, -7.7964100356, 17.8226486639
0.0299518868429, -0.111322243787, -0.508412197091, 0.0240005246943, -0.12, -0.488725210397, -4.97501159986, -7.79164803422, 17.9023538415
0.0293910698627, -0.111329382795, -0.508498444127, 0.0236587450969, -0.12, -0.488725210397, -4.50198014083, -7.78213845937, 18.0546514619
0.0283712874974, -0.111343989173, -0.508610592388, 0.0233123609955, -0.12, -0.488725210397, -2.53283905991, -7.74659061097, 18.2332885745
0.0280583531515, -0.111350974275, -0.508585112612, 0.0229614270884, -0.12, -0.488725210397, -4.70123214053, -7.76316784791, 17.7974726678
0.028030896961, -0.111355346836, -0.508458543956, 0.022605998792, -0.12, -0.488725210397, -5.86632466984, -7.7670701631, 17.3802942323
0.028030896961, -0.111355346836, -0.508458543956, 0.0222461322325, -0.12, -0.488725210397, -6.28588793394, -7.78018784759, 17.7600002024
0.0280234547164, -0.111357938984, -0.508328527718, 0.0218818842371, -0.12, -0.488725210397, -6.59783068381, -7.77007847184, 17.2529368738
0.0278982875626, -0.111359108843, -0.508241307382, 0.0215133123248, -0.12, -0.488725210397, -6.4766919893, -7.77329246236, 17.3028262779
0.0276053511572, -0.11135909122, -0.50821099067, 0.0211404746974, -0.12, -0.488725210397, -6.05809248023, -7.77687076987, 17.4462521101
0.0271169383982, -0.11135716215, -0.50825888942, 0.0207634302301, -0.12, -0.488725210397, -5.38405247583, -7.78434127654, 17.7240073694
0.0264709735438, -0.111353990969, -0.508369823657, 0.0203822384628, -0.12, -0.488725210397, -4.68554231196, -7.79092166885, 18.0129546451
0.0257367737091, -0.111350847631, -0.508515813854, 0.0199969595899, -0.12, -0.488725210397, -4.11906982146, -7.79366714645, 18.249513702
0.0250039180466, -0.111349611505, -0.508660498163, 0.0196076544516, -0.12, -0.488725210397, -3.82598566306, -7.78905802406, 18.3758119151
0.0243654227595, -0.111352263534, -0.508766731511, 0.0192143845236, -0.12, -0.488725210397, -3.90025833498, -7.77500673246, 18.3560690484
0.0238865332629, -0.111360090718, -0.508808951806, 0.0188172119078, -0.12, -0.488725210397, -4.31723857719, -7.7524368003, 18.2020281519
0.0235886643157, -0.111372898066, -0.50877890241, 0.0184161993223, -0.12, -0.488725210397, -4.96464940914, -7.72596969711, 17.9581746241
0.0233739705883, -0.111405771208, -0.508566755456, 0.0180114100917, -0.12, -0.488725210397, -5.39659095655, -7.63618648816, 17.2209496882
0.0233739705883, -0.111405771208, -0.508566755456, 0.0176029081369, -0.12, -0.488725210397, -6.41946207072, -7.73480591298, 17.8573905523
0.0233030829387, -0.111418014349, -0.508453573383, 0.0171907579651, -0.12, -0.488725210397, -6.52488004302, -7.68705766054, 17.4159804686
0.0231287172229, -0.111423340934, -0.508388414118, 0.0167750246595, -0.12, -0.488725210397, -6.4424260762, -7.70301340435, 17.5014055529
0.0227730925619, -0.111425306146, -0.508385304618, 0.0163557738694, -0.12, -0.488725210397, -5.96646521079, -7.71132883238, 17.6847563004
0.0222248745139, -0.111421732166, -0.50845792786, 0.0159330717992, -0.12, -0.488725210397, -5.28607450981, -7.7311629897, 17.977315442
0.0207446424294, -0.111405774864, -0.508749243872, 0.0155069851985, -0.12, -0.488725210397, -1.55145505645, -7.78267452872, 18.8955781617
0.0207446424294, -0.111405774864, -0.508749243872, 0.0150775813513, -0.12, -0.488725210397, -6.38856651189, -7.73480262214, 18.0216301269
0.020150309597, -0.111401380336, -0.508841967454, 0.0146449280654, -0.12, -0.488725210397, -4.46980473882, -7.75194128149, 18.3832520994
0.0198220717134, -0.111403650959, -0.5088369669, 0.0142090936619, -0.12, -0.488725210397, -5.37446980614, -7.72990227024, 18.0855791893
0.0191366344233, -0.111420474674, -0.508808732984, 0.0137701469641, -0.12, -0.488725210397, -4.09036693642, -7.67110164664, 17.9904685795
0.0188232413403, -0.11143391129, -0.508778576289, 0.0133281572866, -0.12, -0.488725210397, -5.33136543164, -7.66916999317, 17.9575592163
0.0185506133726, -0.111445198428, -0.508742245741, 0.0128831944249, -0.12, -0.488725210397, -5.61768173531, -7.66545999837, 17.9063401649
0.0182371730982, -0.111453288101, -0.508723797362, 0.0124353286436, -0.12, -0.488725210397, -5.62493652959, -7.66777169108, 17.9433831306
0.0178507919284, -0.111458014611, -0.508733789566, 0.011984630666, -0.12, -0.488725210397, -5.47249555939, -7.67360731831, 18.0376978663
0.0173941598781, -0.111460051639, -0.50876957218, 0.0115311716626, -0.12, -0.488725210397, -5.26717025322, -7.67984244113, 18.1472734439
0.0173941598781, -0.111460051639, -0.50876957218, 0.0110750232397, -0.12, -0.488725210397, -7.05566824311, -7.68595352466, 18.039925604
0.0162614456078, -0.111460325814, -0.508908826829, 0.0106162574285, -0.12, -0.488725210397, -3.05882398402, -7.68488424457, 18.5830187356
0.0162614456078, -0.111460325814, -0.508908826829, 0.0101549466735, -0.12, -0.488725210397, -6.87978130604, -7.68570676771, 18.1652547882
0.0155239139131, -0.111460726613, -0.509023801353, 0.00969116382087, -0.12, -0.488725210397, -4.42822855675, -7.68414365067, 18.6136554338
0.014869544756, -0.111463067846, -0.509108006235, 0.00922498210739, -0.12, -0.488725210397, -4.51554405279, -7.67621524064, 18.5971308999
0.0141440012517, -0.111467830857, -0.509203478149, 0.00875647514853, -0.12, -0.488725210397, -4.07766385667, -7.66466319385, 18.7168567166
0.0129541832831, -0.111488316832, -0.509283359226, 0.00828571692698, -0.12, -0.488725210397, -2.0444404795, -7.59905692781, 18.7419771784
0.0129541832831, -0.111488316832, -0.509283359226, 0.00781278178092, -0.12, -0.488725210397, -6.04606679018, -7.66051485143, 18.5023339459
0.0124856231993, -0.111516794668, -0.509117282725, 0.00733774439229, -0.12, -0.488725210397, -4.65252284051, -7.54945129089, 17.8546355915
0.0124856231993, -0.111516794668, -0.509117282725, 0.006860679775, -0.12, -0.488725210397, -6.4936429337, -7.634884799, 18.3528650949
0.0122386830649, -0.111531164459, -0.50902905113, 0.00638166326308, -0.12, -0.488725210397, -5.96754695438, -7.57884261218, 18.0087618736
0.011458614125, -0.111546073854, -0.508956172333, 0.0059007704988, -0.12, -0.488725210397, -4.10453073664, -7.56380534846, 17.9892293499
0.0108673547043, -0.1115471114, -0.508985903208, 0.00541807742069, -0.12, -0.488725210397, -4.57865052759, -7.60448710167, 18.3238161568
0.0103422326686, -0.111542429025, -0.509014998225, 0.0049336602516, -0.12, -0.488725210397, -4.74560057554, -7.62586100251, 18.3480940934
0.00986757148704, -0.111536008752, -0.509036865047, 0.00444759548659, -0.12, -0.488725210397, -4.91218915065, -7.63685294254, 18.3460896514
0.00986757148704, -0.111536008752, -0.509036865047, 0.00395995988095, -0.12, -0.488725210397, -6.77975726242, -7.61759212337, 18.2804891845
0.00941661535863, -0.111530352482, -0.509057355345, 0.00347083043798, -0.12, -0.488725210397, -5.46572637229, -7.63965157452, 18.3604013466
0.00814302799426, -0.111520373914, -0.509211095262, 0.00298028439688, -0.12, -0.488725210397, -2.29734526781, -7.66159918174, 18.8985161305
0.00745422169759, -0.111520236666, -0.509304982915, 0.00248839922058, -0.12, -0.488725210397, -3.8784768682, -7.63219874518, 18.8034582244
0.00745422169759, -0.111520236666, -0.509304982915, 0.00199525258343, -0.12, -0.488725210397, -6.39251211419, -7.63178700064, 18.5217952659
0.00668960066648, -0.111541844446, -0.509310723841, 0.00150092235901, -0.12, -0.488725210397, -3.85893805667, -7.54751665716, 18.5441848759
0.0062397518672, -0.111556850436, -0.509328239246, 0.0010054866078, -0.12, -0.488725210397, -4.84759958926, -7.55381663876, 18.59527218
0.0062397518672, -0.111556850436, -0.509328239246, 0.00050902356483, -0.12, -0.488725210397, -6.64704460103, -7.59883460764, 18.5427259638
0.00586569325102, -0.11156941008, -0.509329680081, 1.16116273856e-05, -0.12, -0.488725210397, -5.63873342505, -7.54985199653, 18.5483452195
0.00539957950439, -0.111580658552, -0.509355181919, -0.000486670657428, -0.12, -0.488725210397, -5.39413076019, -7.54366188526, 18.6434798835
0.00476342149427, -0.111590822888, -0.509424653902, -0.000985744605061, -0.12, -0.488725210397, -4.76299730195, -7.53776639427, 18.8379151039
0.00404798830394, -0.111598036031, -0.509515208293, -0.00148553140595, -0.12, -0.488725210397, -4.33322857058, -7.54012814109, 18.9826612786
0.00329462993433, -0.111602994305, -0.509613588018, -0.00198595213797, -0.12, -0.488725210397, -3.99371095229, -7.5424303046, 19.0946790315
0.00258384519454, -0.111607249374, -0.50969426624, -0.00248692777888, -0.12, -0.488725210397, -3.93426837943, -7.54071035803, 19.1141849276
0.001968916598, -0.111612602794, -0.509740760555, -0.00298837921883, -0.12, -0.488725210397, -4.12113476536, -7.53259722361, 19.0534780836
0.00110763533235, -0.111630119625, -0.509708895114, -0.00349022727281, -0.12, -0.488725210397, -3.05977670964, -7.48034184511, 18.7897199235
0.000879009703043, -0.111640484217, -0.509634272222, -0.0039923926932, -0.12, -0.488725210397, -5.20488152988, -7.49247042881, 18.5942869651
0.000879009703043, -0.111640484217, -0.509634272222, -0.00449479618227, -0.12, -0.488725210397, -6.34363576397, -7.52356420474, 18.8181556419
0.000747103368312, -0.111647598132, -0.509543478811, -0.00499735840467, -0.12, -0.488725210397, -6.28198325869, -7.49581993418, 18.4640613384
0.000515033369292, -0.1116509924, -0.50948262169, -0.0055, -0.12, -0.488725210397, -6.2252448213, -7.50392403679, 18.4990988005
-0.0005285279248, -0.111644853267, -0.50952423204, -0.00600264159533, -0.12, -0.488725210397, -3.30394320721, -7.53804945879, 18.8439505284
-0.00129158327523, -0.11163600359, -0.509621141354, -0.00650520381773, -0.12, -0.488725210397, -3.91077910417, -7.55414579905, 19.0970658052
-0.00129158327523, -0.11163600359, -0.509621141354, -0.0070076073068, -0.12, -0.488725210397, -6.6516320956, -7.52759676871, 18.8063378613
-0.00193035884716, -0.111630762063, -0.509692582747, -0.00750977272719, -0.12, -0.488725210397, -4.61164203742, -7.54803872512, 19.0849592905
-0.00335227837757, -0.111629817266, -0.509862640289, -0.00801162078117, -0.12, -0.488725210397, -1.43319373395, -7.53599885046, 19.5338595286
-0.00335227837757, -0.111629817266, -0.509862640289, -0.00851307222112, -0.12, -0.488725210397, -6.14906877903, -7.53316446031, 19.0236869022
-0.00399192073358, -0.11163798207, -0.509922588981, -0.00901404786203, -0.12, -0.488725210397, -4.10391427031, -7.50132172788, 19.2574868011
-0.00490169211593, -0.111674320961, -0.509930999925, -0.00951446859405, -0.12, -0.488725210397, -2.92344687933, -7.38409446092, 19.1104434059
-0.00490169211593, -0.111674320961, -0.509930999925, -0.0100142553949, -0.12, -0.488725210397, -6.10066735378, -7.49311113517, 19.0852105744
-0.00552574298104, -0.111711422328, -0.509860666785, -0.0105133293426, -0.12, -0.488725210397, -4.11389697295, -7.3484158045, 18.8109113292
-0.00593626224925, -0.111726102332, -0.509847268184, -0.0110116116274, -0.12, -0.488725210397, -4.83110349014, -7.40246788667, 18.9696562053
-0.00593626224925, -0.111726102332, -0.509847268184, -0.0115090235648, -0.12, -0.488725210397, -6.50772099636, -7.44650790078, 19.0098520078
-0.00631850917111, -0.111731394934, -0.50983759966, -0.0120054866078, -0.12, -0.488725210397, -5.4609280563, -7.4258667545, 18.972144765
-0.0074676138239, -0.111724704974, -0.509913736536, -0.012500922359, -0.12, -0.488725210397, -2.56897097689, -7.46783540408, 19.2980841525
-0.0074676138239, -0.111724704974, -0.509913736536, -0.0129952525834, -0.12, -0.488725210397, -6.45786555683, -7.44776552351, 19.0696735248
-0.00858280448862, -0.111715149781, -0.509988847688, -0.0134883992206, -0.12, -0.488725210397, -2.54890317606, -7.48503077674, 19.3626070183
-0.00858280448862, -0.111715149781, -0.509988847688, -0.0139802843969, -0.12, -0.488725210397, -6.33338744636, -7.45636519733, 19.1372735617
-0.00979316848221, -0.111710960209, -0.510082691768, -0.014470830438, -0.12, -0.488725210397, -2.05044190268, -7.47270452641, 19.5032654722
-0.00979316848221, -0.111710960209, -0.510082691768, -0.0149599598809, -0.12, -0.488725210397, -6.11750058778, -7.46013581173, 19.2217332334
-0.010428309179, -0.111712994988, -0.510133602072, -0.0154475954866, -0.12, -0.488725210397, -4.0748424034, -7.45220017624, 19.420283421
-0.0116692962718, -0.111729086879, -0.510220787165, -0.0159336602516, -0.12, -0.488725210397, -1.57316059836, -7.39554613272, 19.6075743691
-0.0116692962718, -0.111729086879, -0.510220787165, -0.0164180774207, -0.12, -0.488725210397, -5.72715454128, -7.4438218085, 19.3460190909
-0.0121787248608, -0.111743115852, -0.510235852955, -0.0169007704988, -0.12, -0.488725210397, -4.1696345417, -7.38910881527, 19.4047756699
-0.0129340926408, -0.111779137938, -0.510201024603, -0.0173816632631, -0.12, -0.488725210397, -3.17938851295, -7.2907095966, 19.2237477295
-0.0129340926408, -0.111779137938, -0.510201024603, -0.017860679775, -0.12, -0.488725210397, -5.87097795656, -7.39877585548, 19.3282327848
-0.0134984016888, -0.111803327243, -0.510135448607, -0.0183377443923, -0.12, -0.488725210397, -4.09367514089, -7.30443756923, 19.0724864002
-0.0134984016888, -0.111803327243, -0.510135448607, -0.0188127817809, -0.12, -0.488725210397, -6.2080542488, -7.37700548173, 19.2692143884
-0.0138249730219, -0.111806856173, -0.510120407645, -0.019285716927, -0.12, -0.488725210397, -5.35376095357, -7.36324265272, 19.2105546358
-0.0141787030305, -0.111802378319, -0.510121770836, -0.0197564751485, -0.12, -0.488725210397, -5.37107954517, -7.39129307342, 19.2609939672
-0.0152974899574, -0.111778560616, -0.510222964683, -0.0202249821074, -0.12, -0.488725210397, -2.48390303061, -7.47074855733, 19.6515604001
-0.0158870357797, -0.111768504757, -0.51028493041, -0.0206911638209, -0.12, -0.488725210397, -3.95362291085, -7.43851329291, 19.5896451937
-0.0158870357797, -0.111768504757, -0.51028493041, -0.0211549466735, -0.12, -0.488725210397, -6.13246836229, -7.40834571832, 19.4037480117
-0.0166760197986, -0.111778016335, -0.510322330836, -0.0216162574285, -0.12, -0.488725210397, -3.4631940754, -7.37125056497, 19.5496096716
-0.0166760197986, -0.111778016335, -0.510322330836, -0.0220750232397, -0.12, -0.488725210397, -6.23540053059, -7.39978529832, 19.4374083948
-0.0176073238665, -0.111797124347, -0.510386024403, -0.0225311716626, -0.12, -0.488725210397, -3.00599608121, -7.32526405302, 19.6858133038
-0.0176073238665, -0.111797124347, -0.510386024403, -0.022984630666, -0.12, -0.488725210397, -6.19995312986, -7.38258808787, 19.4947326046
-0.0182118616653, -0.111806871647, -0.510444265118, -0.0234353286436, -0.12, -0.488725210397, -4.23960081702, -7.34457361784, 19.7218713953
-0.0195554756218, -0.11182372003, -0.510579837378, -0.0238831944249, -0.12, -0.488725210397, -1.20770239695, -7.3081068249, 20.0758810637
-0.0201055489244, -0.111834625626, -0.510615799519, -0.0243281572866, -0.12, -0.488725210397, -3.48501620326, -7.31612014642, 19.809416632
-0.0201055489244, -0.111834625626, -0.510615799519, -0.0247701469641, -0.12, -0.488725210397, -5.52410726803, -7.34883693635, 19.7015302096
-0.0205271118039, -0.111866393385, -0.510538301716, -0.0252090936619, -0.12, -0.488725210397, -4.26593512725, -7.22494267664, 19.3992887757
-0.0205271118039, -0.111866393385, -0.510538301716, -0.0256449280654, -0.12, -0.488725210397, -5.91353784583, -7.32024595334, 19.6317821864
-0.0212227873838, -0.11188501919, -0.510505817789, -0.0260775813513, -0.12, -0.488725210397, -3.58024768869, -7.24760531299, 19.5050948734
-0.0217649178156, -0.111885086309, -0.510526507916, -0.0265069851985, -0.12, -0.488725210397, -3.92968089072, -7.30322096787, 19.6832381465
-0.0222467257501, -0.11187982564, -0.510543145874, -0.0269330717992, -0.12, -0.488725210397, -4.05054744276, -7.32393892774, 19.6860558017
-0.0226646726344, -0.111874136524, -0.510550953386, -0.0273557738694, -0.12, -0.488725210397, -4.23625666915, -7.33034447721, 19.6665912282
-0.0226646726344, -0.111874136524, -0.510550953386, -0.0277750246595, -0.12, -0.488725210397, -5.85706919307, -7.31327712825, 19.64316869
-0.0234485301419, -0.11186581725, -0.510564276393, -0.0281907579651, -0.12, -0.488725210397, -3.16363243496, -7.34572229889, 19.6951284168
-0.0238895474109, -0.111862240002, -0.510583532417, -0.0286029081369, -0.12, -0.488725210397, -4.15542336175, -7.33471574104, 19.730257889
-0.0238895474109, -0.111862240002, -0.510583532417, -0.0290114100917, -0.12, -0.488725210397, -5.83518227711, -7.32398399818, 19.6724898176
-0.0242303273379, -0.11186411437, -0.510588914623, -0.0294161993223, -0.12, -0.488725210397, -4.85931269681, -7.31667396439, 19.6934804217
-0.0251090293075, -0.111869009718, -0.510640196807, -0.0298172119078, -0.12, -0.488725210397, -2.80429618798, -7.30320520823, 19.8773343194
-0.0256015954211, -0.111872074935, -0.510678506868, -0.0302143845236, -0.12, -0.488725210397, -3.86532969905, -7.3059369074, 19.8728970055
-0.0256015954211, -0.111872074935, -0.510678506868, -0.0306076544516, -0.12, -0.488725210397, -5.68526291154, -7.31513255838, 19.7579668232
-0.026332076565, -0.111887978105, -0.510711538038, -0.0309969595899, -0.12, -0.488725210397, -3.17486670544, -7.25311019554, 19.8867883885
-0.026332076565, -0.111887978105, -0.510711538038, -0.0313822384628, -0.12, -0.488725210397, -5.70098232645, -7.30081970542, 19.7876948767
-0.0267341247631, -0.111895908475, -0.510734899418, -0.0317634302301, -0.12, -0.488725210397, -4.46380562836, -7.26989126164, 19.8788042576
-0.0271109710452, -0.111902741997, -0.510754982938, -0.0321404746974, -0.12, -0.488725210397, -4.52714784233, -7.26703163847, 19.887045847
-0.0281322923291, -0.111909401562, -0.510839953071, -0.0325133123248, -0.12, -0.488725210397, -1.99746702701, -7.26155989863, 20.1581788043
-0.0281322923291, -0.111909401562, -0.510839953071, -0.0328818842371, -0.12, -0.488725210397, -5.3803484542, -7.28153859423, 19.903268406
-0.028961952798, -0.111918191486, -0.510888137951, -0.0332461322325, -0.12, -0.488725210397, -2.45952407014, -7.24725789048, 20.0911894396
-0.028961952798, -0.111918191486, -0.510888137951, -0.033605998792, -0.12, -0.488725210397, -5.25924107284, -7.2736276626, 19.9466347984
-0.0293096290067, -0.111924607225, -0.510898296564, -0.0339614270884, -0.12, -0.488725210397, -4.20987453687, -7.24860627899, 19.9862533884
-0.0295674992956, -0.111932828794, -0.510892258526, -0.0343123609955, -0.12, -0.488725210397, -4.54956638451, -7.23578938107, 19.9322292013
-0.0302093287213, -0.111943777754, -0.510898281181, -0.0346587450969, -0.12, -0.488725210397, -3.11813876516, -7.21775314051, 19.9738316712
-0.0302093287213, -0.111943777754, -0.510898281181, -0.0350005246943, -0.12, -0.488725210397, -5.33741516817, -7.25060002146, 19.9557637054
-0.0305007067168, -0.111946174221, -0.510898717752, -0.035337645817, -0.12, -0.488725210397, -4.4904745713, -7.24125379818, 19.9574663317
-0.0307747755, -0.111946562043, -0.510897871148, -0.0356700552294, -0.12, -0.488725210397, -4.58077364455, -7.2469306973, 19.9528548622
-0.0315432004472, -0.111938538663, -0.510932809764, -0.0359977004405, -0.12, -0.488725210397, -2.68671078539, -7.27938534402, 20.0916552806
-0.0315432004472, -0.111938538663, -0.510932809764, -0.036320529711, -0.12, -0.488725210397, -5.26808414919, -7.25531520359, 19.9868394303
-0.0321514367131, -0.111939563647, -0.510947934208, -0.0366384920627, -0.12, -0.488725210397, -3.16752807177, -7.25131776441, 20.0458247619
-0.0321514367131, -0.111939563647, -0.510947934208, -0.0369515372855, -0.12, -0.488725210397, -5.25922618347, -7.25439271762, 20.0004514299
-0.0327957102338, -0.111945041019, -0.510971977339, -0.0372596159459, -0.12, -0.488725210397, -3.00893056012, -7.23303096846, 20.0942196405
-0.0327957102338, -0.111945041019, -0.510971977339, -0.0375626793948, -0.12, -0.488725210397, -5.19946259169, -7.2494630832, 20.0220902478
-0.0331261616736, -0.111948813506, -0.510986847355, -0.037860679775, -0.12, -0.488725210397, -4.16371311254, -7.23475038082, 20.0800833076
-0.0333973642818, -0.111954466004, -0.510994054988, -0.0381535700287, -0.12, -0.488725210397, -4.34564810845, -7.22402310436, 20.0635830323
-0.0337452833853, -0.111958755401, -0.511013129049, -0.0384413039051, -0.12, -0.488725210397, -4.04586278679, -7.22425194804, 20.1163489689
-0.0344558893653, -0.111965829987, -0.511055888804, -0.0387238359678, -0.12, -0.488725210397, -2.55693019036, -7.20952925417, 20.2258898304
-0.0347321135719, -0.111970893029, -0.511066132116, -0.0390011216017, -0.12, -0.488725210397, -3.84529150844, -7.21100714824, 20.1375594825
-0.0347321135719, -0.111970893029, -0.511066132116, -0.0392731170201, -0.12, -0.488725210397, -4.90288935852, -7.22619627412, 20.1068295466
-0.0348299891534, -0.111980247729, -0.511050162792, -0.0395397792718, -0.12, -0.488725210397, -4.74517111711, -7.18971294199, 20.0445491847
-0.0350458899537, -0.111995442957, -0.511023027102, -0.0398010662477, -0.12, -0.488725210397, -4.41581719184, -7.1585156554, 19.9866279613
-0.0350458899537, -0.111995442957, -0.511023027102, -0.0400569366877, -0.12, -0.488725210397, -5.27755338054, -7.20410133865, 20.0680350337
-0.0352564045827, -0.111995048182, -0.511028382413, -0.0403073501868, -0.12, -0.488725210397, -4.66554765363, -7.20564096216, 20.0889207501
-0.0359454579209, -0.111975015607, -0.511086587128, -0.0405522672018, -0.12, -0.488725210397, -2.81371938314, -7.28258367763, 20.2998532016
-0.036351700965, -0.111963188951, -0.511125782471, -0.0407916490574, -0.12, -0.488725210397, -3.49536971791, -7.2686099144, 20.2781008958
-0.036351700965, -0.111963188951, -0.511125782471, -0.0410254579525, -0.12, -0.488725210397, -4.90780797423, -7.23312994455, 20.1605148664
-0.0368562647909, -0.111967775719, -0.511155192682, -0.0412536569661, -0.12, -0.488725210397, -3.12855852033, -7.21524154884, 20.2752146878
-0.0368562647909, -0.111967775719, -0.511155192682, -0.0414762100627, -0.12, -0.488725210397, -4.82561003437, -7.22900185323, 20.186984056
-0.0373558219344, -0.111982487492, -0.511180651866, -0.0416930820986, -0.12, -0.488725210397, -3.05547882536, -7.17162593556, 20.286274873
-0.0373558219344, -0.111982487492, -0.511180651866, -0.0419042388274, -0.12, -0.488725210397, -4.72704538998, -7.21576125685, 20.2098973214
-0.0376065127049, -0.111991268477, -0.511192529003, -0.0421096469048, -0.12, -0.488725210397, -3.91697270059, -7.18151541788, 20.2562181577
-0.0378039215896, -0.112000342612, -0.511196505136, -0.0423092738946, -0.12, -0.488725210397, -4.06147138977, -7.17246924384, 20.2360936621
-0.0380494304537, -0.112008386681, -0.511206358585, -0.0425030882734, -0.12, -0.488725210397, -3.85320858196, -7.16831977844, 20.2625937182
-0.0382822924918, -0.112014701383, -0.511214211681, -0.0426910594355, -0.12, -0.488725210397, -3.83321762135, -7.16782465144, 20.2636604418
-0.038496344284, -0.112018853727, -0.511219507273, -0.0428731576983, -0.12, -0.488725210397, -3.8432714843, -7.17057461306, 20.2607539653
-0.0388255614911, -0.112022168634, -0.511216877654, -0.0430493543062, -0.12, -0.488725210397, -3.3423517361, -7.1701035076, 20.2346116722
-0.0388255614911, -0.112022168634, -0.511216877654, -0.0432196214357, -0.12, -0.488725210397, -4.46545533885, -7.18004822925, 20.2425005307
-0.0389158235917, -0.112022719464, -0.51120709843, -0.0433839321998, -0.12, -0.488725210397, -4.24344373777, -7.17789999232, 20.2043615586
-0.0389716350041, -0.112022500259, -0.511194323102, -0.0435422606518, -0.12, -0.488725210397, -4.42111420155, -7.18040738156, 20.1838754505
-0.0390610465474, -0.112019735815, -0.511187197116, -0.0436945817899, -0.12, -0.488725210397, -4.35891050244, -7.19053109819, 20.1944100896
-0.0391788646562, -0.112014541307, -0.511186261503, -0.0438408715607, -0.12, -0.488725210397, -4.28122120008, -7.2024963478, 20.2121391547
-0.0395238515009, -0.111998964385, -0.511206631575, -0.0439811068634, -0.12, -0.488725210397, -3.3972752006, -7.24766282035, 20.2943892771
-0.0395238515009, -0.111998964385, -0.511206631575, -0.0441152655533, -0.12, -0.488725210397, -4.53474871686, -7.20093205359, 20.2332790601
-0.0398523623748, -0.111994101112, -0.511231445916, -0.0442433264451, -0.12, -0.488725210397, -3.350517717, -7.21989881806, 20.3300549903
-0.0398523623748, -0.111994101112, -0.511231445916, -0.0443652693166, -0.12, -0.488725210397, -4.42744486192, -7.20530899924, 20.2556119671
-0.040218475811, -0.111997428529, -0.511264560212, -0.0444810749115, -0.12, -0.488725210397, -3.08541566666, -7.19233207351, 20.3847577197
-0.0403854754591, -0.112002735635, -0.511279456513, -0.0445907249427, -0.12, -0.488725210397, -3.61267568471, -7.18161661136, 20.3435104057
-0.0404627365121, -0.112011820938, -0.511281849546, -0.0446942020954, -0.12, -0.488725210397, -3.88696732395, -7.16210524512, 20.3081543336
-0.0404932669329, -0.112022066658, -0.511277974359, -0.0447914900291, -0.12, -0.488725210397, -4.06867332561, -7.14940284713, 20.2858620026
-0.0405075997914, -0.112030622922, -0.511272584305, -0.0448825733812, -0.12, -0.488725210397, -4.16772771106, -7.1467705805, 20.2764663579
-0.0405292206284, -0.112035507011, -0.511269247236, -0.0449674377683, -0.12, -0.488725210397, -4.18412607645, -7.15339142214, 20.2796219472
-0.0405292206284, -0.112035507011, -0.511269247236, -0.0450460697895, -0.12, -0.488725210397, -4.3010603086, -7.16804369013, 20.2896331549
-0.0406260772091, -0.11203426304, -0.511272758076, -0.0451184570279, -0.12, -0.488725210397, -3.96973380988, -7.17289517515, 20.3033254282
-0.0407020894711, -0.112030381595, -0.511279053133, -0.0451845880526, -0.12, -0.488725210397, -4.00460501142, -7.18430089975, 20.3173436356
-0.0407020894711, -0.112030381595, -0.511279053133, -0.0452444524208, -0.12, -0.488725210397, -4.26771975938, -7.17265656425, 20.2984584623
-0.0408401007063, -0.112022709268, -0.511290938921, -0.0452980406793, -0.12, -0.488725210397, -3.75887704554, -7.20257863942, 20.3448130352
-0.0408401007063, -0.112022709268, -0.511290938921, -0.0453453443657, -0.12, -0.488725210397, -4.19663035293, -7.17956165852, 20.3091556714
-0.0409189031987, -0.112018817201, -0.511298423793, -0.0453863560104, -0.12, -0.488725210397, -3.90733498748, -7.19474072291, 20.3383466706
-0.0410552715229, -0.112015370875, -0.511310541623, -0.0454210691371, -0.12, -0.488725210397, -3.62425226027, -7.1965051881, 20.3631515946
-0.0410968909572, -0.112016915065, -0.511312864694, -0.0454494782642, -0.12, -0.488725210397, -3.87769765486, -7.180143872, 20.3358580785
-0.0410968909572, -0.112016915065, -0.511312864694, -0.0454715789056, -0.12, -0.488725210397, -4.00352107776, -7.18477644145, 20.3288888668
-0.0410841722548, -0.1120267247, -0.511304659666, -0.0454873675713, -0.12, -0.488725210397, -4.04839788917, -7.14651886529, 20.2968892578
-0.0410669269724, -0.112031340919, -0.511299767732, -0.0454968417682, -0.12, -0.488725210397, -4.0670817538, -7.15794451646, 20.302425798
-0.0410521111598, -0.112033102581, -0.511296358476, -0.0455, -0.12, -0.488725210397, -4.05702208951, -7.1649226909, 20.3038055035
-0.0410405529229, -0.112032945457, -0.511294344124, -0.0454968417682, -0.12, -0.488725210397, -4.03585997593, -7.17082046053, 20.3061772986
-0.0410405529229, -0.112032945457, -0.511294344124, -0.0454873675713, -0.12, -0.488725210397, -3.97371059314, -7.17034908871, 20.312220354
-0.0410170691467, -0.112029599165, -0.511292917904, -0.0454715789056, -0.12, -0.488725210397, -4.03214411454, -7.18339962639, 20.3066580951
-0.0410170691467, -0.112029599165, -0.511292917904, -0.0454494782642, -0.12, -0.488725210397, -3.92286628165, -7.17336075125, 20.3109367558
-0.0409980736014, -0.11202749129, -0.511292452366, -0.0454210691371, -0.12, -0.488725210397, -3.95245523649, -7.1815814643, 20.3091211563
-0.0409323635864, -0.112024249052, -0.511290474783, -0.0453863560104, -0.12, -0.488725210397, -4.1015838467, -7.18790256658, 20.3028052003
-0.0408863949685, -0.11202351478, -0.511289019851, -0.0453453443657, -0.12, -0.488725210397, -4.02792537703, -7.18103951523, 20.3030637101
-0.0408434772479, -0.112023312121, -0.511288697401, -0.0452980406793, -0.12, -0.488725210397, -3.99594919053, -7.17962706745, 20.3061709554
-0.0407977558015, -0.112023361184, -0.511288781852, -0.0452444524208, -0.12, -0.488725210397, -3.97842652134, -7.17882774667, 20.3074676599
-0.0407463614364, -0.112023636943, -0.511288823475, -0.0451845880526, -0.12, -0.488725210397, -3.96899394501, -7.17789947457, 20.3073766413
-0.0407463614364, -0.112023636943, -0.511288823475, -0.0451184570279, -0.12, -0.488725210397, -3.73649295815, -7.17872675155, 20.3072517701
-0.0406873146257, -0.112024097497, -0.511288507526, -0.0450460697895, -0.12, -0.488725210397, -3.88285836451, -7.17693059158, 20.3060195661
-0.040607073713, -0.11202514692, -0.511286229653, -0.0449674377683, -0.12, -0.488725210397, -3.92915432439, -7.17421950258, 20.2980837103
-0.0404946432244, -0.11202711312, -0.511280686477, -0.0448825733812, -0.12, -0.488725210397, -4.03183544556, -7.16969959273, 20.2832989467
-0.0403641418731, -0.11202920729, -0.51127352255, -0.0447914900291, -0.12, -0.488725210397, -4.10286733833, -7.16743092658, 20.2719891532
-0.0400864004978, -0.11203060159, -0.511259848655, -0.0446942020954, -0.12, -0.488725210397, -4.68838176241, -7.16827567098, 20.2401527467
-0.0400864004978, -0.11203060159, -0.511259848655, -0.0445907249427, -0.12, -0.488725210397, -3.74346054254, -7.17245856922, 20.2811744314
-0.0399644913136, -0.1120283089, -0.511256895745, -0.0444810749115, -0.12, -0.488725210397, -4.10170269688, -7.18140005935, 20.2696580827
-0.0397367247116, -0.112019306215, -0.511256441615, -0.0443652693166, -0.12, -0.488725210397, -4.50157316586, -7.20963245984, 20.2767457086
-0.0396351730428, -0.112014395988, -0.511258777138, -0.0442433264451, -0.12, -0.488725210397, -4.08616445403, -7.20177429207, 20.2872166341
-0.0395696559022, -0.112010276103, -0.511265540536, -0.0441152655533, -0.12, -0.488725210397, -3.90341743234, -7.20311116257, 20.306587318
-0.0395696559022, -0.112010276103, -0.511265540536, -0.0439811068634, -0.12, -0.488725210397, -3.56782979543, -7.19075150719, 20.2862971245
-0.0394990767364, -0.112007885381, -0.51127134829, -0.0438408715607, -0.12, -0.488725210397, -3.69864693128, -7.20007532466, 20.3089473668
-0.0392302481258, -0.112010524101, -0.511266247088, -0.0436945817899, -0.12, -0.488725210397, -4.38551681683, -7.18261214938, 20.2716294158
-0.0392302481258, -0.112010524101, -0.511266247088, -0.0435422606518, -0.12, -0.488725210397, -3.42384785923, -7.19052830938, 20.2869330217
-0.0390600211066, -0.112013738726, -0.511258551156, -0.0433839321998, -0.12, -0.488725210397, -3.92721568523, -7.17799127247, 20.2569188856
-0.0386476571933, -0.112021195915, -0.511233845327, -0.0432196214357, -0.12, -0.488725210397, -4.85892726586, -7.15855210867, 20.1836539502
-0.0384373981061, -0.112022423315, -0.511222034413, -0.0430493543062, -0.12, -0.488725210397, -4.27073645307, -7.17613681482, 20.2117088733
-0.0384373981061, -0.112022423315, -0.511222034413, -0.0428731576983, -0.12, -0.488725210397, -3.46359380928, -7.17981901621, 20.2471416144
-0.038140954688, -0.112012548714, -0.511218821429, -0.0426910594355, -0.12, -0.488725210397, -4.43812973904, -7.21832996146, 20.2346109746
-0.038140954688, -0.112012548714, -0.511218821429, -0.0425030882734, -0.12, -0.488725210397, -3.36200674042, -7.18870615742, 20.2442499283
-0.0379550112717, -0.112007657982, -0.511213229635, -0.0423092738946, -0.12, -0.488725210397, -3.89522347307, -7.20778001382, 20.2224419312
-0.0377596510514, -0.112004076063, -0.511206473518, -0.0421096469048, -0.12, -0.488725210397, -3.90219595976, -7.20707729892, 20.2128684569
-0.0374981653553, -0.112002385466, -0.511191551111, -0.0419042388274, -0.12, -0.488725210397, -4.13369898088, -7.20292487312, 20.1749394237
-0.0372109610898, -0.11200224538, -0.511173754848, -0.0416930820986, -0.12, -0.488725210397, -4.26205151797, -7.19839941369, 20.1503012136
-0.0369104160642, -0.112002822012, -0.511155057443, -0.0414762100627, -0.12, -0.488725210397, -4.36023356766, -7.19573029224, 20.1307701281
-0.036618973302, -0.112002711156, -0.511139143523, -0.0412536569661, -0.12, -0.488725210397, -4.37788429442, -7.19789253004, 20.1247980513
-0.0361165236886, -0.111996337865, -0.511124518142, -0.0410254579525, -0.12, -0.488725210397, -5.24079263719, -7.22241579247, 20.115500828
-0.0359304642489, -0.11198930505, -0.511129136414, -0.0407916490574, -0.12, -0.488725210397, -4.23181796143, -7.23072390149, 20.1773882304
-0.0358341626317, -0.111980406241, -0.511146676952, -0.0405522672018, -0.12, -0.488725210397, -3.81705339747, -7.24433081061, 20.2319415144
-0.0357390551698, -0.111973532692, -0.511163676062, -0.0403073501868, -0.12, -0.488725210397, -3.66203685612, -7.24444122231, 20.2456164262
-0.0355977543391, -0.111971287872, -0.511172201192, -0.0400569366877, -0.12, -0.488725210397, -3.68592610872, -7.23257537546, 20.2278671077
-0.0353960878795, -0.111973621159, -0.511170095947, -0.0398010662477, -0.12, -0.488725210397, -3.80186859037, -7.21674109814, 20.1940812564
-0.0353960878795, -0.111973621159, -0.511170095947, -0.0395397792718, -0.12, -0.488725210397, -2.9454613252, -7.2237409573, 20.2003969942
-0.0347911756186, -0.111988145137, -0.511133061522, -0.0392731170201, -0.12, -0.488725210397, -5.0484972889, -7.16709744019, 20.0559627385
-0.0347911756186, -0.111988145137, -0.511133061522, -0.0390011216017, -0.12, -0.488725210397, -2.9729651296, -7.21066937643, 20.1670660121
-0.0340005913955, -0.11200137805, -0.511070588275, -0.0387238359678, -0.12, -0.488725210397, -5.79081588277, -7.15906101805, 19.9234203489
-0.0335945983063, -0.112002619401, -0.511040060493, -0.0384413039051, -0.12, -0.488725210397, -4.73241811849, -7.19391848541, 19.9917817418
-0.0333470347151, -0.11199281427, -0.511036913026, -0.0381535700287, -0.12, -0.488725210397, -4.20537092648, -7.23588254862, 20.0710899641
-0.0331467672052, -0.111979053202, -0.511043131373, -0.037860679775, -0.12, -0.488725210397, -3.9646530816, -7.26013532304, 20.104783918
-0.0331467672052, -0.111979053202, -0.511043131373, -0.0375626793948, -0.12, -0.488725210397, -3.08031983022, -7.21885211817, 20.0861288779
-0.0326591688089, -0.111957311231, -0.511043672663, -0.0372596159459, -0.12, -0.488725210397, -4.69400726537, -7.30364580346, 20.0882399081
-0.0326591688089, -0.111957311231, -0.511043672663, -0.0369515372855, -0.12, -0.488725210397, -2.93889564757, -7.2384198917, 20.0866160387
-0.0319719033504, -0.111950454383, -0.511014004909, -0.0366384920627, -0.12, -0.488725210397, -5.32259054835, -7.26516160147, 19.9709118007
-0.0315565380524, -0.111952570966, -0.510988183403, -0.036320529711, -0.12, -0.488725210397, -4.57980133154, -7.23633638236, 19.9592111878
-0.0312213168165, -0.111953159048, -0.510975750988, -0.0359977004405, -0.12, -0.488725210397, -4.33592115754, -7.2403926111, 19.988189285
-0.0309182494099, -0.111951716732, -0.510969952149, -0.0356700552294, -0.12, -0.488725210397, -4.2028918243, -7.24778188824, 20.0028710583
-0.0306229222217, -0.111949239163, -0.510966148505, -0.035337645817, -0.12, -0.488725210397, -4.1320045631, -7.25311745914, 20.0054333648
-0.0303187704255, -0.111946759244, -0.510961134608, -0.0350005246943, -0.12, -0.488725210397, -4.11467086246, -7.25535643808, 19.9972900976
-0.0303187704255, -0.111946759244, -0.510961134608, -0.0346587450969, -0.12, -0.488725210397, -2.88063841179, -7.24791668036, 20.0123317891
-0.0296162538157, -0.111944201897, -0.510936198037, -0.0343123609955, -0.12, -0.488725210397, -5.29489398739, -7.25789033452, 19.9150791651
-0.0296162538157, -0.111944201897, -0.510936198037, -0.0339614270884, -0.12, -0.488725210397, -2.85785422399, -7.25021829286, 19.9898888759
-0.0291517403476, -0.111945058085, -0.510906558594, -0.033605998792, -0.12, -0.488725210397, -4.33608811496, -7.24687915933, 19.8742950454
-0.0281159628378, -0.111946534338, -0.510831778848, -0.0332461322325, -0.12, -0.488725210397, -6.64488530613, -7.24369033615, 19.6715723681
-0.0281159628378, -0.111946534338, -0.510831778848, -0.0328818842371, -0.12, -0.488725210397, -3.19658527329, -7.24811909571, 19.8959116054
-0.027686061477, -0.111941134484, -0.510812993049, -0.0325133123248, -0.12, -0.488725210397, -4.52851410875, -7.26917852676, 19.8226469881
-0.0270895182941, -0.111914856849, -0.510829900332, -0.0321404746974, -0.12, -0.488725210397, -5.21697742918, -7.35546174156, 19.944942792
-0.0268167697577, -0.111901778082, -0.510844037808, -0.0317634302301, -0.12, -0.488725210397, -4.13910663265, -7.32763602775, 19.9493570964
-0.0268167697577, -0.111901778082, -0.510844037808, -0.0313822384628, -0.12, -0.488725210397, -2.96534653256, -7.28839972645, 19.9069446693
-0.0263030551361, -0.111890871151, -0.510868560477, -0.0309969595899, -0.12, -0.488725210397, -4.60982125469, -7.33093675731, 20.0025830792
-0.0263030551361, -0.111890871151, -0.510868560477, -0.0306076544516, -0.12, -0.488725210397, -2.70622396901, -7.29821596434, 19.9290150716
-0.025907499321, -0.11189263219, -0.51085505156, -0.0302143845236, -0.12, -0.488725210397, -3.88305434375, -7.29134790993, 19.8763302937
-0.0248094001122, -0.111910959479, -0.510766483293, -0.0298172119078, -0.12, -0.488725210397, -6.60981039498, -7.22515460376, 19.5714408071
-0.0242347692696, -0.111918243514, -0.510717647045, -0.0294161993223, -0.12, -0.488725210397, -5.18414181861, -7.25172873106, 19.6466842366
-0.0242347692696, -0.111918243514, -0.510717647045, -0.0290114100917, -0.12, -0.488725210397, -3.08460904807, -7.27358083725, 19.7931929825
-0.0238864300354, -0.111912895537, -0.510712499357, -0.0286029081369, -0.12, -0.488725210397, -4.06434212939, -7.29443794943, 19.7731170009
-0.023065366449, -0.111893378797, -0.5106870335, -0.0281907579651, -0.12, -0.488725210397, -5.8395926085, -7.35450930235, 19.6892432204
-0.023065366449, -0.111893378797, -0.5106870335, -0.0277750246595, -0.12, -0.488725210397, -2.99149247288, -7.29595908284, 19.7656407921
-0.0226317231747, -0.111883175661, -0.510670213061, -0.0273557738694, -0.12, -0.488725210397, -4.29482307745, -7.33575131346, 19.7000410812
-0.0216689197945, -0.111866624532, -0.510619569738, -0.0269330717992, -0.12, -0.488725210397, -6.35804073432, -7.36969130777, 19.5529934366
-0.0211724603694, -0.111860153759, -0.51059252576, -0.0265069851985, -0.12, -0.488725210397, -5.01219081928, -7.34527393504, 19.5994518929
-0.0208497751245, -0.111852912838, -0.510598726414, -0.0260775813513, -0.12, -0.488725210397, -4.38486979727, -7.35410120778, 19.7047663783
-0.0208497751245, -0.111852912838, -0.510598726414, -0.0256449280654, -0.12, -0.488725210397, -3.01767778937, -7.33237844544, 19.6861644152
-0.0205888910142, -0.111845839743, -0.510617426398, -0.0252090936619, -0.12, -0.488725210397, -3.63333150322, -7.35996351917, 19.7590943509
-0.0202589091207, -0.111841608003, -0.510623266409, -0.0247701469641, -0.12, -0.488725210397, -3.73321964615, -7.35524801736, 19.7257704422
-0.0197756686005, -0.111841634573, -0.510600397536, -0.0243281572866, -0.12, -0.488725210397, -4.22099234555, -7.34244917406, 19.6190618085
-0.0191906127993, -0.111846127482, -0.51055497188, -0.0238831944249, -0.12, -0.488725210397, -4.64360228128, -7.32500653903, 19.5105083658
-0.0178664078691, -0.111859137706, -0.510429728284, -0.0234353286436, -0.12, -0.488725210397, -7.64104614392, -7.28774539173, 19.1583353109
-0.0178664078691, -0.111859137706, -0.510429728284, -0.022984630666, -0.12, -0.488725210397, -3.25430658454, -7.32677606448, 19.5340660983
-0.0172999517651, -0.111859028371, -0.510388978695, -0.0225311716626, -0.12, -0.488725210397, -5.04708920953, -7.32720247052, 19.3751426977
-0.0164021421482, -0.111838908409, -0.510368054285, -0.0220750232397, -0.12, -0.488725210397, -6.43057656435, -7.40534231877, 19.4157862692
-0.0160470367399, -0.111823617106, -0.510380263864, -0.0216162574285, -0.12, -0.488725210397, -4.70131741136, -7.40461851357, 19.5261768577
-0.015899325173, -0.111807600819, -0.510432467689, -0.0211549466735, -0.12, -0.488725210397, -3.78926178564, -7.42120812385, 19.6931430364
-0.0157587385623, -0.111795212015, -0.510482759001, -0.0206911638209, -0.12, -0.488725210397, -3.46959400707, -7.42147560011, 19.73266768
-0.015506239918, -0.111790228745, -0.51050340762, -0.0202249821074, -0.12, -0.488725210397, -3.60581876297, -7.40374393741, 19.6623233568
-0.015506239918, -0.111790228745, -0.51050340762, -0.0197564751485, -0.12, -0.488725210397, -2.41969083092, -7.3887941293, 19.6003775002
-0.0151201759818, -0.111792259846, -0.510490001336, -0.019285716927, -0.12, -0.488725210397, -3.49490399472, -7.38087283504, 19.5480929916
-0.013738007812, -0.111813327966, -0.510328926255, -0.0188127817809, -0.12, -0.488725210397, -7.29499564328, -7.30480047184, 18.9601190293
-0.0129721968595, -0.111821753525, -0.510233645841, -0.0183377443923, -0.12, -0.488725210397, -5.70131347108, -7.3351451491, 19.071750659
-0.0129721968595, -0.111821753525, -0.510233645841, -0.017860679775, -0.12, -0.488725210397, -2.96844077209, -7.36042182723, 19.3575918995
-0.0122039769537, -0.111799516574, -0.510232382751, -0.0173816632631, -0.12, -0.488725210397, -5.52752786011, -7.4471459373, 19.3526658489
-0.0117890892861, -0.111783644634, -0.510231245649, -0.0169007704988, -0.12, -0.488725210397, -4.40249780147, -7.44233564955, 19.3520204174
-0.0117890892861, -0.111783644634, -0.510231245649, -0.0164180774207, -0.12, -0.488725210397, -2.71801008685, -7.39471982943, 19.355431726
-0.0114627241044, -0.111770155753, -0.51024600442, -0.0159336602516, -0.12, -0.488725210397, -3.5496865703, -7.44732646436, 19.4129909345
-0.0110376684456, -0.111759709287, -0.510240168234, -0.0154475954866, -0.12, -0.488725210397, -3.78590701806, -7.44760104003, 19.3459534962
-0.0104137991142, -0.111752876452, -0.510192253127, -0.0149599598809, -0.12, -0.488725210397, -4.5002458675, -7.44290969684, 19.1765931337
-0.00966578185745, -0.111751046596, -0.510114945626, -0.014470830438, -0.12, -0.488725210397, -5.10120716377, -7.42954763394, 19.0188392028
-0.00885631725701, -0.111752125843, -0.5100240926, -0.0139802843969, -0.12, -0.488725210397, -5.5683261039, -7.4198490012, 18.8964349043
-0.00807154169535, -0.111752929299, -0.50994265209, -0.0134883992206, -0.12, -0.488725210397, -5.75384292879, -7.41995325994, 18.8513759954
-0.00737793343014, -0.111750435054, -0.509889035908, -0.0129952525834, -0.12, -0.488725210397, -5.65697212212, -7.43209118839, 18.886594412
-0.00681995295249, -0.111742712243, -0.509875580379, -0.012500922359, -0.12, -0.488725210397, -5.30382322557, -7.45472741465, 18.9949663951
-0.00640272784901, -0.111729676813, -0.509903167159, -0.0120054866078, -0.12, -0.488725210397, -4.8078509397, -7.48239715566, 19.1429214262
-0.00584553097857, -0.111696079291, -0.510035470154, -0.0115090235648, -0.12, -0.488725210397, -5.27934481004, -7.57432120749, 19.5761427646
-0.0056246745034, -0.111684469877, -0.510106044698, -0.0110116116274, -0.12, -0.488725210397, -4.01857702478, -7.51880535094, 19.4544745046
-0.00540844120572, -0.111682678945, -0.510158521421, -0.0105133293426, -0.12, -0.488725210397, -3.74825236178, -7.49096174691, 19.4474100907
-0.0050844605315, -0.111687651231, -0.510172814254, -0.0100142553949, -0.12, -0.488725210397, -3.91153555685, -7.46619703487, 19.3457219699
-0.0050844605315, -0.111687651231, -0.510172814254, -0.00951446859405, -0.12, -0.488725210397, -2.48764685362, -7.48111389249, 19.3028434711
-0.00398963948788, -0.111709586326, -0.510066361194, -0.00901404786203, -0.12, -0.488725210397, -6.30516847154, -7.39556702039, 18.8876765355
-0.00398963948788, -0.111709586326, -0.510066361194, -0.00851307222112, -0.12, -0.488725210397, -2.56816253718, -7.46137230662, 19.2070357167
-0.00249918214413, -0.111726786136, -0.509852040972, -0.00801162078117, -0.12, -0.488725210397, -7.92821248476, -7.39429304657, 18.3711868533
-0.00249918214413, -0.111726786136, -0.509852040972, -0.00750977272719, -0.12, -0.488725210397, -3.00398736281, -7.44589247738, 19.0141475175
-0.00178152330875, -0.1117256706, -0.509754931414, -0.0070076073068, -0.12, -0.488725210397, -5.34995584319, -7.4502430698, 18.6354202384
-0.00122445128199, -0.111714123342, -0.509705898085, -0.00650520381773, -0.12, -0.488725210397, -4.91668289528, -7.49193076358, 18.7355189308
9.17743097498e-06, -0.111675915467, -0.509596892105, -0.00600264159533, -0.12, -0.488725210397, -7.60383659536, -7.60629970499, 18.4574955969
9.17743097498e-06, -0.111675915467, -0.509596892105, -0.0055, -0.12, -0.488725210397, -3.45033490188, -7.49167607945, 18.7845135365
0.000430504863749, -0.111654331588, -0.509601804573, -0.00499735840467, -0.12, -0.488725210397, -4.64113445389, -7.57585320746, 18.8036721613
0.000708700579624, -0.111634786139, -0.509649942162, -0.00449479618227, -0.12, -0.488725210397, -4.01004756613, -7.58732882431, 18.9766713571
0.00109281398694, -0.111616513223, -0.509676659134, -0.0039923926932, -0.12, -0.488725210397, -4.22181576687, -7.59995684672, 18.9364547803
0.00208463870227, -0.11160003211, -0.50966659842, -0.00349022727281, -0.12, -0.488725210397, -6.4863572624, -7.60941443921, 18.8170670776
0.00208463870227, -0.11160003211, -0.50966659842, -0.00298837921883, -0.12, -0.488725210397, -3.06017196704, -7.55997110092, 18.8472492205
0.00315685004879, -0.11161006569, -0.509616671284, -0.00248692777888, -0.12, -0.488725210397, -6.79167976464, -7.52084013998, 18.6525333884
0.00315685004879, -0.11161006569, -0.509616671284, -0.00198595213797, -0.12, -0.488725210397, -3.12559504535, -7.55094087916, 18.8023147977
0.00371888678113, -0.111617983339, -0.509582619456, -0.00148553140595, -0.12, -0.488725210397, -4.86882436931, -7.5200620475, 18.6695126704
0.00421572929775, -0.111623703434, -0.509563508021, -0.000985744605061, -0.12, -0.488725210397, -4.67249365973, -7.52150662339, 18.6971335546
0.00485940648332, -0.111629239358, -0.509507500653, -0.000486670657428, -0.12, -0.488725210397, -5.24527914047, -7.51707680512, 18.5360391262
0.00616532900107, -0.111627893006, -0.509389904608, 1.16116273855e-05, -0.12, -0.488725210397, -7.96126633515, -7.53893535109, 18.2454366545
0.00660871954419, -0.111618057919, -0.509391149612, 0.00050902356483, -0.12, -0.488725210397, -5.32766219844, -7.57325313564, 18.6030803072
0.00660871954419, -0.111618057919, -0.509391149612, 0.0010054866078, -0.12, -0.488725210397, -3.55352051386, -7.5437478732, 18.5993452935
0.00692279073704, -0.111586105247, -0.509553604523, 0.00150092235901, -0.12, -0.488725210397, -4.33558786512, -7.66836329262, 19.2329194431
0.00722640549358, -0.111572053067, -0.509589447724, 0.00199525258343, -0.12, -0.488725210397, -4.1358912155, -7.62730878106, 18.8853431996
0.00762922281838, -0.111566683446, -0.509578402404, 0.00248839922058, -0.12, -0.488725210397, -4.35575330101, -7.60609375902, 18.734736845
0.00812741490755, -0.111566025212, -0.509532607799, 0.00298028439688, -0.12, -0.488725210397, -4.6513381982, -7.5925520136, 18.5892738456
0.00812741490755, -0.111566025212, -0.509532607799, 0.00347083043798, -0.12, -0.488725210397, -2.71928789934, -7.59057730947, 18.7266576613
0.00938446689696, -0.111569622694, -0.509358714996, 0.00395995988095, -0.12, -0.488725210397, -7.18582395371, -7.57654712733, 18.0484757317
0.010142390235, -0.11157038321, -0.509237739967, 0.00444759548659, -0.12, -0.488725210397, -5.93617847082, -7.58437356234, 18.0983515242
0.010142390235, -0.11157038321, -0.509237739967, 0.0049336602516, -0.12, -0.488725210397, -3.22966269008, -7.58665511064, 18.4612766126
0.0106653880387, -0.111566265503, -0.509192169484, 0.00541807742069, -0.12, -0.488725210397, -4.8383214598, -7.60271416849, 18.2835517293
0.0118497043546, -0.111548718294, -0.509084329996, 0.0059007704988, -0.12, -0.488725210397, -7.45891018386, -7.65879516157, 17.9996891759
0.012384346044, -0.111537358449, -0.509055295225, 0.00638166326308, -0.12, -0.488725210397, -5.56366127821, -7.65045693198, 18.2099720305
0.012384346044, -0.111537358449, -0.509055295225, 0.006860679775, -0.12, -0.488725210397, -3.53425010639, -7.61637739586, 18.2970763447
0.0126322917948, -0.111526551293, -0.509114071246, 0.00733774439229, -0.12, -0.488725210397, -4.07773606275, -7.65852530273, 18.5263028272
0.0133291244725, -0.11150494655, -0.509189953119, 0.00781278178092, -0.12, -0.488725210397, -5.63009428954, -7.71036233363, 18.6459140695
0.0133291244725, -0.11150494655, -0.509189953119, 0.00828571692698, -0.12, -0.488725210397, -3.12026135277, -7.64554810461, 18.4182684497
0.0142738934312, -0.111498014478, -0.509164970902, 0.00875647514853, -0.12, -0.488725210397, -6.38770866593, -7.67258318747, 18.3208378006
0.0148656893899, -0.111498469022, -0.509110064337, 0.00922498210739, -0.12, -0.488725210397, -5.44650355382, -7.65001424796, 18.18164885
0.0148656893899, -0.111498469022, -0.509110064337, 0.00969116382087, -0.12, -0.488725210397, -3.25852787169, -7.65137788021, 18.3463685452
0.0153400199826, -0.111499554672, -0.509084510868, 0.0101549466735, -0.12, -0.488725210397, -4.6982091984, -7.64714384357, 18.2467100172
0.0158997269655, -0.111500142341, -0.509035436636, 0.0106162574285, -0.12, -0.488725210397, -5.05031126677, -7.64810888558, 18.1319809207
0.0173315891578, -0.111496856144, -0.508846704644, 0.0110750232397, -0.12, -0.488725210397, -8.55019846968, -7.6626880641, 17.5431488453
0.0173315891578, -0.111496856144, -0.508846704644, 0.0115311716626, -0.12, -0.488725210397, -3.85193047708, -7.65282947071, 18.109344822
0.0182293020863, -0.111480222533, -0.508837119183, 0.011984630666, -0.12, -0.488725210397, -6.95296605344, -7.71770055176, 18.0719615231
0.0182293020863, -0.111480222533, -0.508837119183, 0.0124353286436, -0.12, -0.488725210397, -3.86248216575, -7.66779972019, 18.1007179069
0.0188675174265, -0.111455737538, -0.508920151531, 0.0128831944249, -0.12, -0.488725210397, -5.95693937813, -7.76329120129, 18.4245440645
0.0192127032963, -0.111444453103, -0.508950689525, 0.0133281572866, -0.12, -0.488725210397, -4.99676043311, -7.73384551268, 18.2945451959
0.0195006512595, -0.111438897799, -0.508983338062, 0.0137701469641, -0.12, -0.488725210397, -4.69532872305, -7.72165789209, 18.330260511
0.0195006512595, -0.111438897799, -0.508983338062, 0.0142090936619, -0.12, -0.488725210397, -3.44556174423, -7.7049919808, 18.2323148984
0.0202448428811, -0.111437030685, -0.508971856034, 0.0146449280654, -0.12, -0.488725210397, -5.96499498844, -7.71227372464, 18.1875349862
0.0207464337023, -0.111437975796, -0.508918704916, 0.0150775813513, -0.12, -0.488725210397, -5.30877972206, -7.70298645203, 18.0146917147
0.0207464337023, -0.111437975796, -0.508918704916, 0.0155069851985, -0.12, -0.488725210397, -3.4272921119, -7.70582178371, 18.1741450669
0.0216409823534, -0.111439043594, -0.50883085581, 0.0159330717992, -0.12, -0.488725210397, -6.54250565014, -7.70165737285, 17.8315335535
0.0216409823534, -0.111439043594, -0.50883085581, 0.0163557738694, -0.12, -0.488725210397, -3.48858142504, -7.70486076582, 18.0950808715
0.0230029799876, -0.111435784157, -0.508592961459, 0.0167750246595, -0.12, -0.488725210397, -8.43340032731, -7.71757257006, 17.1672929022
0.0230029799876, -0.111435784157, -0.508592961459, 0.0171907579651, -0.12, -0.488725210397, -3.98379990366, -7.70779425911, 17.8809759555
0.0237647987444, -0.111429822698, -0.508450188338, 0.0176029081369, -0.12, -0.488725210397, -6.59470730153, -7.73104394834, 17.3241607847
0.0251162192661, -0.111407348544, -0.508243248955, 0.0180114100917, -0.12, -0.488725210397, -9.22308395783, -7.80080877137, 16.9454165523
0.0255392854271, -0.111391837417, -0.508242378889, 0.0184161993223, -0.12, -0.488725210397, -6.46560828551, -7.79387970502, 17.5628414455
0.0255392854271, -0.111391837417, -0.508242378889, 0.0188172119078, -0.12, -0.488725210397, -4.84682841095, -7.74734632448, 17.5654516428
0.0254398687984, -0.111378894556, -0.508430002312, 0.0192143845236, -0.12, -0.488725210397, -4.11316811355, -7.79782348478, 18.2971829923
0.0248631165992, -0.111356070458, -0.508958401366, 0.0196076544516, -0.12, -0.488725210397, -1.81984955108, -7.84800888038, 19.7950690307
0.0248631165992, -0.111356070458, -0.508958401366, 0.0199969595899, -0.12, -0.488725210397, -3.21162589333, -7.77953658773, 18.2098718713
0.0248788269384, -0.111353942475, -0.509094762389, 0.0203822384628, -0.12, -0.488725210397, -2.93822402723, -7.78783572272, 18.7416798612
0.0259666550984, -0.111375985644, -0.508932417329, 0.0207634302301, -0.12, -0.488725210397, -6.8028115593, -7.69548341328, 17.6994510589
0.0259666550984, -0.111375985644, -0.508932417329, 0.0211404746974, -0.12, -0.488725210397, -3.21242895913, -7.76161292055, 18.1864862382
0.026741691988, -0.11139030466, -0.508751848628, 0.0215133123248, -0.12, -0.488725210397, -5.91213948351, -7.70576875633, 17.4822683068
0.0283914228975, -0.111409354117, -0.508337788458, 0.0218818842371, -0.12, -0.488725210397, -9.70206178587, -7.67443292358, 16.4091397415
0.0289558064015, -0.111407933697, -0.508233425024, 0.0222461322325, -0.12, -0.488725210397, -6.63911327792, -7.73712093157, 17.2443028616
0.0289558064015, -0.111407933697, -0.508233425024, 0.022605998792, -0.12, -0.488725210397, -4.63522717026, -7.73285967226, 17.5573931635
0.0289755204614, -0.111395842455, -0.508341058804, 0.0229614270884, -0.12, -0.488725210397, -4.40554132626, -7.78001551885, 17.9771649059
0.0288751389873, -0.111377104569, -0.508501824725, 0.0233123609955, -0.12, -0.488725210397, -3.65255404896, -7.81681954329, 18.2812506593
0.0288527987891, -0.111354597069, -0.508640135903, 0.0236587450969, -0.12, -0.488725210397, -3.5684754242, -7.84838513893, 18.3383664896
0.0289688111935, -0.111333301554, -0.508722296852, 0.0240005246943, -0.12, -0.488725210397, -3.79415627014, -7.86391514583, 18.2438606572
0.0298428522084, -0.111309289743, -0.508618501435, 0.024337645817, -0.12, -0.488725210397, -6.56544542903, -7.89367466552, 17.592575681
0.0298428522084, -0.111309289743, -0.508618501435, 0.0246700552294, -0.12, -0.488725210397, -3.65828904363, -7.82163923142, 17.9039619337
0.0305526248482, -0.111309086197, -0.508447521426, 0.0249977004405, -0.12, -0.488725210397, -6.14581425316, -7.82243306043, 17.2371398977
0.0312963185697, -0.111315500557, -0.508254738689, 0.025320529711, -0.12, -0.488725210397, -6.64080332558, -7.79680641881, 16.998227253
0.0328881869817, -0.111328535918, -0.507836623341, 0.0256384920627, -0.12, -0.488725210397, -10.3464436084, -7.76521158874, 15.9459256045
0.0328881869817, -0.111328535918, -0.507836623341, 0.0259515372855, -0.12, -0.488725210397, -5.30384905828, -7.80431767336, 17.2002716491
0.0333394845721, -0.111326945224, -0.507894112082, 0.0262596159459, -0.12, -0.488725210397, -6.80153855341, -7.81052138269, 17.424477741
0.0333394845721, -0.111326945224, -0.507894112082, 0.0265626793948, -0.12, -0.488725210397, -5.18993431278, -7.80574929859, 17.2520115165
0.0330714067256, -0.111309567843, -0.508247009803, 0.026860679775, -0.12, -0.488725210397, -3.89141957566, -7.87352108203, 18.6283126275
0.0330714067256, -0.111309567843, -0.508247009803, 0.0271535700287, -0.12, -0.488725210397, -4.44738226619, -7.82138894092, 17.5696194652
0.0329007392387, -0.11129172663, -0.508537425148, 0.0274413039051, -0.12, -0.488725210397, -3.53828770999, -7.89096967501, 18.7022393103
0.0329007392387, -0.11129172663, -0.508537425148, 0.0277238359678, -0.12, -0.488725210397, -3.81161675568, -7.8374460334, 17.8309932756
0.033039803693, -0.111287362562, -0.508582336992, 0.0280011216017, -0.12, -0.488725210397, -4.12015034346, -7.85446589518, 18.0061494685
0.0339218306353, -0.111291663205, -0.508406006741, 0.0282731170201, -0.12, -0.488725210397, -6.91393682539, -7.82460118718, 17.183725954
0.0344804071678, -0.111296813213, -0.508261924475, 0.0285397792718, -0.12, -0.488725210397, -6.222307949, -7.8174180835, 17.1507958708
0.0344804071678, -0.111296813213, -0.508261924475, 0.0288010662477, -0.12, -0.488725210397, -4.3275459002, -7.83286810801, 17.5830426694
0.0351919836263, -0.111302543296, -0.508127891691, 0.0290569366877, -0.12, -0.488725210397, -6.88866030018, -7.81052078718, 17.0603148128
0.0351919836263, -0.111302543296, -0.508127891691, 0.0293073501868, -0.12, -0.488725210397, -4.54492959835, -7.82771103397, 17.462413164
0.0356980321714, -0.1112976337, -0.508080483138, 0.0295522672018, -0.12, -0.488725210397, -6.31458306298, -7.84685845803, 17.2775198068
0.0356980321714, -0.1112976337, -0.508080483138, 0.0297916490574, -0.12, -0.488725210397, -4.59759923564, -7.83212967029, 17.4197454662
0.0359203032427, -0.111291167805, -0.508071820917, 0.0300254579525, -0.12, -0.488725210397, -5.27074728967, -7.8573466608, 17.3859628039
0.036076771162, -0.111283500486, -0.508086710906, 0.0302536569661, -0.12, -0.488725210397, -5.02560949382, -7.86785151939, 17.4700204263
0.0362760560013, -0.111274001622, -0.508088982703, 0.0304762100627, -0.12, -0.488725210397, -5.15005657274, -7.88189513253, 17.4342104662
0.0364847758163, -0.111264835931, -0.508086998185, 0.0306930820986, -0.12, -0.488725210397, -5.18806768302, -7.889144735, 17.4196554525
0.0369485043634, -0.111251485465, -0.508060460605, 0.0309042388274, -0.12, -0.488725210397, -6.19755443724, -7.91371448097, 17.3221124483
0.0371474323845, -0.111249169737, -0.508055441777, 0.0311096469048, -0.12, -0.488725210397, -5.4145667628, -7.88269442056, 17.3821517559
0.0371474323845, -0.111249169737, -0.508055441777, 0.0313092738946, -0.12, -0.488725210397, -4.65546167148, -7.87574723701, 17.3972082412
0.0372479733393, -0.111251008601, -0.508081607027, 0.0315030882734, -0.12, -0.488725210397, -4.89057628749, -7.86857566637, 17.4992527186
0.0375598663288, -0.11125762205, -0.508094868247, 0.0316910594355, -0.12, -0.488725210397, -5.65369168584, -7.84829980859, 17.4724757228
0.0375598663288, -0.11125762205, -0.508094868247, 0.0318731576983, -0.12, -0.488725210397, -4.57174297924, -7.86814015519, 17.4326920643
0.0377757084318, -0.111260728573, -0.508075323895, 0.0320493543062, -0.12, -0.488725210397, -5.27265519862, -7.8560247128, 17.3564690927
0.0383142691558, -0.111263787529, -0.507987361152, 0.0322196214357, -0.12, -0.488725210397, -6.59006373151, -7.85341435772, 17.07204745
0.0385587261855, -0.111262889777, -0.507951765201, 0.0323839321998, -0.12, -0.488725210397, -5.79775338391, -7.86609245646, 17.1971114717
0.0385587261855, -0.111262889777, -0.507951765201, 0.0325422606518, -0.12, -0.488725210397, -4.93983362428, -7.86339920071, 17.3038993235
0.0387106889155, -0.111255589669, -0.508007133562, 0.0326945817899, -0.12, -0.488725210397, -5.41342118906, -7.89186962059, 17.5198359292
0.0387106889155, -0.111255589669, -0.508007133562, 0.0328408715607, -0.12, -0.488725210397, -4.84396630688, -7.86996929761, 17.3537308479
0.0387754781505, -0.111250769102, -0.508035559438, 0.0329811068634, -0.12, -0.488725210397, -4.98859595511, -7.88876951054, 17.4645917652
0.0389792779769, -0.111241428742, -0.508050694086, 0.0331152655533, -0.12, -0.488725210397, -5.48653459044, -7.91073521242, 17.4383392627
0.0389792779769, -0.111241428742, -0.508050694086, 0.0332433264451, -0.12, -0.488725210397, -4.77817370309, -7.88271413232, 17.3929353195
0.0391261601389, -0.111237873083, -0.508034580812, 0.0333652693166, -0.12, -0.488725210397, -5.25961961187, -7.89658120023, 17.3300935536
0.0392763298538, -0.111236365627, -0.508010587075, 0.0334810749115, -0.12, -0.488725210397, -5.31882180811, -7.89179330424, 17.2848577978
0.0394534917237, -0.111235383112, -0.507974468847, 0.0335907249427, -0.12, -0.488725210397, -5.47902561879, -7.89110274469, 17.2159779201
0.0397831427116, -0.111235556586, -0.507905274793, 0.0336942020954, -0.12, -0.488725210397, -6.15856806061, -7.88747865085, 17.054475793
0.0398752095548, -0.111235667074, -0.50789820412, 0.0337914900291, -0.12, -0.488725210397, -5.45968430112, -7.88756816869, 17.2344823329
0.0398752095548, -0.111235667074, -0.50789820412, 0.0338825733812, -0.12, -0.488725210397, -5.12012250019, -7.88789963327, 17.2556943505
0.039879798277, -0.111235424087, -0.507924685186, 0.0339674377683, -0.12, -0.488725210397, -5.08029746291, -7.8888472817, 17.3589705065
0.0398711000309, -0.111234662426, -0.507956121988, 0.0340460697895, -0.12, -0.488725210397, -4.98053641536, -7.89108879898, 17.402130839
0.0399243380529, -0.111232234299, -0.507987310706, 0.0341184570279, -0.12, -0.488725210397, -5.16784527346, -7.89827351137, 17.4294564313
0.0399243380529, -0.111232234299, -0.507987310706, 0.0341845880526, -0.12, -0.488725210397, -4.96738192613, -7.89098913047, 17.3358902778
0.0399991536556, -0.111231248823, -0.507977540849, 0.0342444524208, -0.12, -0.488725210397, -5.22408481499, -7.89483248978, 17.2977878363
0.0401016506389, -0.111230617542, -0.507952648839, 0.0342980406793, -0.12, -0.488725210397, -5.36997513809, -7.89433805423, 17.2300185661
0.0402277889063, -0.111229921277, -0.507916891155, 0.0343453443657, -0.12, -0.488725210397, -5.5307038292, -7.89515964661, 17.1652396319
0.0403498522737, -0.111229224166, -0.507880923005, 0.0343863560104, -0.12, -0.488725210397, -5.61030180514, -7.89578958225, 17.1322368961
0.0405061172778, -0.111227172115, -0.507842119662, 0.0344210691371, -0.12, -0.488725210397, -5.84119895869, -7.90170124951, 17.0888083069
0.0405056510184, -0.111225803209, -0.507854324924, 0.0344494782642, -0.12, -0.488725210397, -5.36392931937, -7.90088383103, 17.252818863
0.0405056510184, -0.111225803209, -0.507854324924, 0.0344715789056, -0.12, -0.488725210397, -5.36436297737, -7.89677711206, 17.2162030743
0.0403944392906, -0.111223559742, -0.507918836695, 0.0344873675713, -0.12, -0.488725210397, -4.93536336657, -7.90552663326, 17.467798978
0.0403944392906, -0.111223559742, -0.507918836695, 0.0344968417682, -0.12, -0.488725210397, -5.2794151797, -7.89879623234, 17.2742636675
0.0403031291145, -0.111222509221, -0.507964728864, 0.0345, -0.12, -0.488725210397, -4.93941097925, -7.90289326462, 17.4532431266
