0.037666757631, -0.1103927452, -0.568996116607, 0.0345, -0.12, -0.558725210397, -1.78163656705, -8.57657378947, 9.76096728283
0.037666757631, -0.1103927452, -0.568996116607, 0.0345, -0.12, -0.558719880969, -2.85008186788, -8.64652931993, 9.26460036042
0.0375881677602, -0.11040046607, -0.56902888214, 0.0345, -0.12, -0.558703894577, -2.54358137186, -8.61641792736, 9.4387445809
0.037766167821, -0.110397730093, -0.568925944243, 0.0345, -0.12, -0.558677256901, -3.47355122119, -8.65025084641, 8.99491794471
0.037766167821, -0.110397730093, -0.568925944243, 0.0345, -0.12, -0.558639977405, -2.93955103887, -8.64204291611, 9.36920864018
0.0379477405347, -0.110391557543, -0.568821299188, 0.0345, -0.12, -0.558592069336, -3.64768462233, -8.66611586079, 9.03609591193
0.03812048756, -0.110386717849, -0.568709807818, 0.0345, -0.12, -0.558533549713, -3.7766798801, -8.66647301819, 8.99971705159
0.0382464450202, -0.110385289054, -0.568604723573, 0.0345, -0.12, -0.55846443933, -3.74967289883, -8.65752623717, 9.01833423424
0.0381034885635, -0.110404706484, -0.568520246657, 0.0345, -0.12, -0.55838476274, -2.81427033674, -8.577511874, 9.10753454611
0.0381034885635, -0.110404706484, -0.568520246657, 0.0345, -0.12, -0.558294548252, -3.24313970711, -8.63576416437, 9.47377202714
0.0377125001009, -0.110427954169, -0.568500208813, 0.0345, -0.12, -0.558193827919, -1.71828470321, -8.54509819435, 9.51779027052
0.0375491932787, -0.110437342714, -0.568458119854, 0.0345, -0.12, -0.558082637527, -2.2543534843, -8.57822592044, 9.54523839443
0.0375704128906, -0.110432505743, -0.568337329561, 0.0345, -0.12, -0.557961016581, -2.827030437, -8.62525574653, 9.3411736416
0.0375704128906, -0.110432505743, -0.568337329561, 0.0345, -0.12, -0.557829008292, -2.7633716015, -8.61074483165, 9.85351400871
0.0377042492961, -0.110420260895, -0.568164325696, 0.0345, -0.12, -0.557686659562, -3.28533358295, -8.65849973899, 9.33793411286
0.0378978698767, -0.110406908266, -0.567954135082, 0.0345, -0.12, -0.557534020968, -3.63894463095, -8.67384044595, 9.20544664511
0.0381021921558, -0.110396338252, -0.567724317578, 0.0345, -0.12, -0.55737114674, -3.85493977758, -8.6750056159, 9.1170239264
0.0382315317514, -0.110400098436, -0.567346410354, 0.0345, -0.12, -0.557198094747, -3.74639736284, -8.6286308561, 8.51891835212
0.0380839815285, -0.110416562494, -0.567231081938, 0.0345, -0.12, -0.557014926474, -2.78293270694, -8.57570158192, 9.39805948796
0.0380839815285, -0.110416562494, -0.567231081938, 0.0345, -0.12, -0.556821707, -3.22558337562, -8.62509375567, 9.94809586722
0.0378572463439, -0.110433323791, -0.567150573123, 0.0345, -0.12, -0.556618504974, -2.34131615576, -8.55972469469, 9.84694096629
0.0376461303955, -0.110449914343, -0.567051266857, 0.0345, -0.12, -0.556405392594, -2.19816951087, -8.54530543463, 9.9227051826
0.0374691415978, -0.110469277963, -0.566919971335, 0.0345, -0.12, -0.556182445576, -2.14126104506, -8.51955897307, 9.93872766853
0.0374271712481, -0.110481464597, -0.566727210018, 0.0345, -0.12, -0.555949743134, -2.50854307405, -8.53012196386, 9.81954357199
0.0378234963807, -0.110476234521, -0.566136632705, 0.0345, -0.12, -0.555707367944, -4.18012214053, -8.58707915901, 8.34173191311
0.0380766576873, -0.110463883697, -0.5658220192, 0.0345, -0.12, -0.555455406123, -3.97847583829, -8.61955714473, 9.14199671823
0.0380766576873, -0.110463883697, -0.5658220192, 0.0345, -0.12, -0.555193947191, -3.21899191857, -8.58250467295, 10.3496416064
0.0381258380308, -0.110453691398, -0.56560130261, 0.0345, -0.12, -0.554923084042, -3.41079525807, -8.62225463895, 9.76083638863
0.0380945101884, -0.110449330688, -0.565401960068, 0.0345, -0.12, -0.554642912913, -3.14107564239, -8.60868450969, 9.92562819797
0.0379860478248, -0.110459601796, -0.564977215941, 0.0345, -0.12, -0.554353533348, -2.81205595163, -8.55554506103, 9.15522064725
0.0379273596322, -0.110468805544, -0.56476665971, 0.0345, -0.12, -0.554055048163, -2.90855909113, -8.55046376654, 9.90423725715
0.0379273596322, -0.110468805544, -0.56476665971, 0.0345, -0.12, -0.553747563406, -3.08462366898, -8.57807501064, 10.8396409437
0.0379022379019, -0.11048102329, -0.564319664259, 0.0345, -0.12, -0.553431188326, -2.98664892071, -8.53042580114, 9.4077672246
0.0379022379019, -0.11048102329, -0.564319664259, 0.0345, -0.12, -0.55310603533, -3.06201411168, -8.56707903922, 11.0677250232
0.0379884315757, -0.110499617571, -0.563802911065, 0.0345, -0.12, -0.552772219944, -3.39816943956, -8.49456134335, 9.37880858999
0.0380572873575, -0.110513705209, -0.563518213213, 0.0345, -0.12, -0.552429860769, -3.40812596714, -8.49540239686, 10.1525011678
0.0380572873575, -0.110513705209, -0.563518213213, 0.0345, -0.12, -0.552079079444, -3.20155862174, -8.53766531183, 11.3475643646
0.0381067170689, -0.110539111465, -0.562976234751, 0.0345, -0.12, -0.551720000602, -3.39433449615, -8.43858091211, 9.58191187777
0.0381067170689, -0.110539111465, -0.562976234751, 0.0345, -0.12, -0.55135275182, -3.24604536199, -8.51479968113, 11.5628809853
0.0381386010498, -0.110557354601, -0.56267567459, 0.0345, -0.12, -0.55097746358, -3.37039288753, -8.44365145239, 10.7525741449
0.0381603602611, -0.110574986289, -0.562372013303, 0.0345, -0.12, -0.55059426922, -3.35960186879, -8.4296172766, 10.8385688923
0.0382268139954, -0.110621008973, -0.561690824876, 0.0345, -0.12, -0.550203304888, -3.55349379877, -8.3030238726, 9.46809570334
0.0382268139954, -0.110621008973, -0.561690824876, 0.0345, -0.12, -0.549804709491, -3.35413259583, -8.4410919245, 11.8932900361
0.0382227902418, -0.110637307925, -0.56135912476, 0.0345, -0.12, -0.549398624649, -3.33843995677, -8.37752601152, 10.9876042775
0.0381842533748, -0.110644651749, -0.561042594929, 0.0345, -0.12, -0.548985194641, -3.20021743644, -8.39778195374, 11.1423607899
0.038160860205, -0.110655253446, -0.560694445472, 0.0345, -0.12, -0.548564566357, -3.22459467492, -8.37846680754, 11.134327687
0.0381479301533, -0.110664228049, -0.560333481665, 0.0345, -0.12, -0.548136889245, -3.24434698306, -8.37527094571, 11.1770730955
0.0381533449175, -0.110672890076, -0.559958566866, 0.0345, -0.12, -0.547702315255, -3.30425471825, -8.36841285083, 11.2096040223
0.0382019698286, -0.110688096292, -0.559180820525, 0.0345, -0.12, -0.54726099879, -3.47764757896, -8.33509469101, 9.71854993084
0.0382019698286, -0.110688096292, -0.559180820525, 0.0345, -0.12, -0.546813096648, -3.33177284571, -8.38071333752, 12.4746579152
0.038217046689, -0.110695927607, -0.558438814677, 0.0345, -0.12, -0.546358767966, -3.3905726012, -8.35017120831, 10.0090105413
0.038217046689, -0.110695927607, -0.558438814677, 0.0345, -0.12, -0.545898174165, -3.34534202006, -8.37366515385, 12.6683578632
0.0382243326196, -0.110702984755, -0.558063276059, 0.0345, -0.12, -0.545431478892, -3.37375714958, -8.34614227572, 11.6420874162
0.0382674130455, -0.110730485771, -0.557284052143, 0.0345, -0.12, -0.544958847961, -3.51991301874, -8.26005976009, 10.1729048064
0.0382855528669, -0.110747280001, -0.556898496507, 0.0345, -0.12, -0.544480449296, -3.46141704443, -8.27706530732, 11.4547715779
0.0382855528669, -0.110747280001, -0.556898496507, 0.0345, -0.12, -0.54399645287, -3.40699758023, -8.32744799901, 13.0638285523
0.0382660579677, -0.110754652547, -0.556558067827, 0.0345, -0.12, -0.543507030644, -3.33096747337, -8.29869507119, 12.1929141042
0.0382704100121, -0.110783030513, -0.555830244941, 0.0345, -0.12, -0.543012356508, -3.4064251442, -8.21013863918, 10.8366533413
0.0382704100121, -0.110783030513, -0.555830244941, 0.0345, -0.12, -0.542512606216, -3.39336901093, -8.29527253825, 13.4851257268
0.0382972151394, -0.110802835342, -0.555455283571, 0.0345, -0.12, -0.542007957329, -3.49790900728, -8.2180337059, 12.4916561682
0.0384067300561, -0.110854450159, -0.554662955837, 0.0345, -0.12, -0.541498589144, -3.84460180054, -8.07615040412, 10.9990513751
0.0384067300561, -0.110854450159, -0.554662955837, 0.0345, -0.12, -0.54098468264, -3.51605705049, -8.23099485659, 13.8521653923
0.0384587247255, -0.110880552575, -0.554262846748, 0.0345, -0.12, -0.540466420403, -3.71883626107, -8.12919543441, 12.7712431551
0.0384971139006, -0.110903314657, -0.553864737356, 0.0345, -0.12, -0.53994398657, -3.71257003583, -8.11873056411, 12.9016490286
0.0385948325481, -0.110959251925, -0.553003485194, 0.0345, -0.12, -0.539417566759, -3.97850523595, -7.96886146377, 11.22282954
0.0385948325481, -0.110959251925, -0.553003485194, 0.0345, -0.12, -0.538887348005, -3.68534929332, -8.13667326766, 14.2951797325
0.038626764201, -0.111000388926, -0.552153117313, 0.0345, -0.12, -0.538353518692, -3.80988273949, -7.976238964, 11.4700230542
0.03861519192, -0.111018050682, -0.551722664971, 0.0345, -0.12, -0.537816268486, -3.66895588499, -8.030769119, 12.8361504272
0.0385695704786, -0.11101908185, -0.551333451768, 0.0345, -0.12, -0.537275788272, -3.5257491065, -8.0797328295, 13.1056981815
0.0385244390838, -0.111014463071, -0.550952004363, 0.0345, -0.12, -0.536732270077, -3.48660099098, -8.10083957226, 13.283973226
0.0384962007763, -0.111010060751, -0.550570914241, 0.0345, -0.12, -0.536185907012, -3.51186577622, -8.10415228317, 13.4423253326
0.0384903167273, -0.111009333694, -0.550188533572, 0.0345, -0.12, -0.535636893198, -3.5736329077, -8.09378084666, 13.5963757729
0.0384903167273, -0.111009333694, -0.550188533572, 0.0345, -0.12, -0.535085423695, -3.5912850546, -8.09159967514, 15.2472073967
0.038506117162, -0.111014214371, -0.549805115542, 0.0345, -0.12, -0.534531694439, -3.65290674969, -8.07256503766, 14.2570126738
0.038556093817, -0.11103076842, -0.549387915597, 0.0345, -0.12, -0.533975902167, -3.8004144003, -8.02264627557, 14.2865890676
0.0387404461395, -0.111103412986, -0.548447462198, 0.0345, -0.12, -0.533418244349, -4.36945849316, -7.78899461418, 12.3779093212
0.0388155233876, -0.111142802133, -0.547977685001, 0.0345, -0.12, -0.532858919118, -4.10920279305, -7.85331063899, 13.8755333982
0.0388155233876, -0.111142802133, -0.547977685001, 0.0345, -0.12, -0.5322981252, -3.88397104882, -7.97147808041, 15.7939855741
0.0388189917616, -0.111161053102, -0.547555864131, 0.0345, -0.12, -0.531736061843, -3.8974977073, -7.90029930059, 14.6585495197
0.038809518666, -0.111178356418, -0.54711861676, 0.0345, -0.12, -0.531172928745, -3.85014751263, -7.88756927734, 14.7287763962
0.0388110391364, -0.1112041804, -0.546645482802, 0.0345, -0.12, -0.530608925983, -3.88449663388, -7.83876569447, 14.7055075457
0.0388144069879, -0.111231072827, -0.546162282194, 0.0345, -0.12, -0.530044253947, -3.89306984366, -7.81135717402, 14.7506397079
0.0388202785097, -0.111256936088, -0.545672290138, 0.0345, -0.12, -0.529479113261, -3.90586522417, -7.79116773937, 14.7993050786
0.0388322000689, -0.111299484323, -0.544688820259, 0.0345, -0.12, -0.528913704716, -3.9347447395, -7.70281940185, 12.9434199837
0.0388257288805, -0.11130682033, -0.544223838945, 0.0345, -0.12, -0.528348229201, -3.87374242746, -7.80185368375, 14.5895313767
0.0388257288805, -0.11130682033, -0.544223838945, 0.0345, -0.12, -0.527782887625, -3.89315599248, -7.82386170323, 16.4928809157
0.0387837112519, -0.111285087556, -0.543387217872, 0.0345, -0.12, -0.527217880852, -3.7292872409, -7.90861952052, 13.7375604182
0.0387837112519, -0.111285087556, -0.543387217872, 0.0345, -0.12, -0.526653409626, -3.85534012673, -7.84342119953, 16.7538410997
0.0387944374966, -0.11128502371, -0.542933535795, 0.0345, -0.12, -0.526089674501, -3.89717248101, -7.84367019834, 15.489634308
0.038892071889, -0.111318146093, -0.541978278853, 0.0345, -0.12, -0.525526875769, -4.24576787724, -7.71430136633, 13.6288881443
0.038892071889, -0.111318146093, -0.541978278853, 0.0345, -0.12, -0.524965213391, -3.95286470009, -7.81366851592, 16.9967460521
0.0389493298552, -0.111343687973, -0.541502052907, 0.0345, -0.12, -0.524404886921, -4.17617076827, -7.71405518433, 15.6397509588
0.0390226629389, -0.111392232603, -0.540596901203, 0.0345, -0.12, -0.523846095442, -4.29039589619, -7.60135676938, 14.0366445092
0.0390226629389, -0.111392232603, -0.540596901203, 0.0345, -0.12, -0.523289037489, -4.07039664502, -7.74699065756, 17.2482512014
0.0390618277809, -0.111439375748, -0.539703937992, 0.0345, -0.12, -0.522733910982, -4.22313952863, -7.56313239133, 14.2595141972
0.0390618277809, -0.111439375748, -0.539703937992, 0.0345, -0.12, -0.522180913156, -4.10564500278, -7.70456182689, 17.4297158322
0.0390754969139, -0.111460328765, -0.539256966027, 0.0345, -0.12, -0.521630240487, -4.15895462171, -7.62284505972, 16.1751550981
0.039082468911, -0.111474939843, -0.538818650973, 0.0345, -0.12, -0.521082088627, -4.14513801131, -7.62872090933, 16.292416529
0.0391224877434, -0.111511967822, -0.537890200041, 0.0345, -0.12, -0.520536652332, -4.28029546621, -7.52814502255, 14.469149025
0.0391304456303, -0.111519713201, -0.537450929824, 0.0345, -0.12, -0.519994125393, -4.19127472776, -7.60902198226, 16.0208941569
0.0391304456303, -0.111519713201, -0.537450929824, 0.0345, -0.12, -0.519454700566, -4.16740106724, -7.63225811925, 17.8148808113
0.0391111509379, -0.111509687449, -0.537063129917, 0.0345, -0.12, -0.518918569508, -4.09215176701, -7.67135855328, 16.7750978226
0.039100445225, -0.111500639978, -0.53666298352, 0.0345, -0.12, -0.518385922702, -4.10828356394, -7.67656643197, 16.8468559613
0.0391462517169, -0.111510294413, -0.53578373378, 0.0345, -0.12, -0.517856949396, -4.31904602065, -7.61177172369, 15.083276643
0.0391462517169, -0.111510294413, -0.53578373378, 0.0345, -0.12, -0.517331837532, -4.18162654518, -7.6407350285, 18.1820422169
0.0392095266226, -0.111534643605, -0.534940814439, 0.0345, -0.12, -0.516810773678, -4.42839867754, -7.54577317855, 15.3514702202
0.0392095266226, -0.111534643605, -0.534940814439, 0.0345, -0.12, -0.516293942968, -4.23857396034, -7.61882075543, 18.3326764561
0.0392385125484, -0.111548471969, -0.534526129269, 0.0345, -0.12, -0.515781529027, -4.35161907114, -7.56489013442, 17.1633265294
0.0392615002581, -0.11156105294, -0.534117419941, 0.0345, -0.12, -0.515273713915, -4.35431336122, -7.5573094404, 17.2566527777
0.0393040496258, -0.111583155176, -0.533671909669, 0.0345, -0.12, -0.514770678055, -4.45129276642, -7.50885363495, 17.1836852149
0.039392487315, -0.111630651641, -0.532755104343, 0.0345, -0.12, -0.514272600174, -4.66855165108, -7.38992412663, 15.3780714167
0.0394119724741, -0.111643543897, -0.532312411186, 0.0345, -0.12, -0.513779657237, -4.47923070403, -7.48213372613, 16.8302278943
0.0394119724741, -0.111643543897, -0.532312411186, 0.0345, -0.12, -0.513292024384, -4.42077522671, -7.52081049275, 18.5812466817
0.0393741707663, -0.11162923112, -0.531500559056, 0.0345, -0.12, -0.512809874868, -4.2733485664, -7.5766303219, 15.8325079253
0.0393741707663, -0.11162923112, -0.531500559056, 0.0345, -0.12, -0.512333379995, -4.38675368971, -7.53369199179, 18.6799457728
0.0393679047152, -0.111624638036, -0.531065863988, 0.0345, -0.12, -0.511862709062, -4.36231609025, -7.55160501916, 17.3907670299
0.0393694825892, -0.111621249869, -0.530641209541, 0.0345, -0.12, -0.511398029295, -4.38726795237, -7.55103961878, 17.4389381828
0.0394219207027, -0.111630797119, -0.529734157613, 0.0345, -0.12, -0.510939505793, -4.58704297277, -7.50364084539, 15.5696013603
0.0394219207027, -0.111630797119, -0.529734157613, 0.0345, -0.12, -0.510487301467, -4.42972863241, -7.5322825933, 18.6787835097
0.039443606599, -0.111631596105, -0.52891238575, 0.0345, -0.12, -0.510041576983, -4.51430362791, -7.52916654658, 15.8555857533
0.0394527721165, -0.111631603002, -0.528511592819, 0.0345, -0.12, -0.509602490705, -4.48499145751, -7.53153660589, 17.1330719446
0.0394438169191, -0.111625817785, -0.528156684358, 0.0345, -0.12, -0.509170198638, -4.42256963479, -7.55411964519, 17.3199879619
0.0394438169191, -0.111625817785, -0.528156684358, 0.0345, -0.12, -0.508744854374, -4.44943522715, -7.53676399348, 18.746679777
0.0394358437841, -0.111619948862, -0.527815079165, 0.0345, -0.12, -0.508326609036, -4.41834000066, -7.55965279387, 17.7695435548
0.0394448988699, -0.111618987533, -0.527461500548, 0.0345, -0.12, -0.507915611223, -4.47757424047, -7.54579520794, 17.7635579805
0.0394805576565, -0.111626148723, -0.527076242176, 0.0345, -0.12, -0.507512006962, -4.58947825046, -7.51498257936, 17.6628493609
0.0395329070917, -0.111638836544, -0.526682972229, 0.0345, -0.12, -0.507115939651, -4.68666468832, -7.48698364648, 17.6187214116
0.0395942886303, -0.111654838528, -0.526285680076, 0.0345, -0.12, -0.506727550011, -4.76900438283, -7.46263937384, 17.5756095205
0.0396525328766, -0.111670361205, -0.525890220264, 0.0345, -0.12, -0.506346976035, -4.81201232799, -7.4501068849, 17.5442622962
0.039697938315, -0.111682227324, -0.52550071397, 0.0345, -0.12, -0.505974352939, -4.81436079858, -7.45039705056, 17.5230753369
0.0397232913009, -0.111687957109, -0.525120655345, 0.0345, -0.12, -0.505609813114, -4.77702112878, -7.46364924847, 17.5132016055
0.0397253426824, -0.111686073527, -0.52475246731, 0.0345, -0.12, -0.50525348608, -4.70896255864, -7.48818457026, 17.5135001019
0.0397062518086, -0.11167668588, -0.524397124107, 0.0345, -0.12, -0.504905498438, -4.62835400626, -7.51914564734, 17.5203964222
0.0396314980727, -0.111642563496, -0.523723403077, 0.0345, -0.12, -0.504565973826, -4.39408705782, -7.62406000861, 16.2390970692
0.0396314980727, -0.111642563496, -0.523723403077, 0.0345, -0.12, -0.504235032876, -4.61834826545, -7.52169285397, 18.5323560312
0.0395933881021, -0.111623986427, -0.523420434324, 0.0345, -0.12, -0.503912793169, -4.4697193799, -7.59414342283, 17.6146899004
0.0395640792109, -0.111597056002, -0.522842878993, 0.0345, -0.12, -0.503599369196, -4.46974461629, -7.64344087173, 16.5267647423
0.039576600329, -0.11159151787, -0.522567407289, 0.0345, -0.12, -0.503294872315, -4.60650365043, -7.5842483124, 17.4323570103
0.0395932044273, -0.11159030752, -0.522329500435, 0.0345, -0.12, -0.502999410712, -4.6336962796, -7.57235428201, 17.5697449965
0.0396159909221, -0.111591481904, -0.522104163349, 0.0345, -0.12, -0.502713089363, -4.67275131398, -7.56414313366, 17.6349193767
0.0396159909221, -0.111591481904, -0.522104163349, 0.0345, -0.12, -0.502436009996, -4.60439182985, -7.56766628611, 18.5325761163
0.0396446212892, -0.11159434818, -0.521887526754, 0.0345, -0.12, -0.502168271057, -4.71605026158, -7.55648781205, 17.9006371601
0.0397601033916, -0.111611577601, -0.521408149601, 0.0345, -0.12, -0.501909967673, -5.08053935974, -7.49789189614, 16.8851424301
0.0398149131982, -0.111619620423, -0.521170343394, 0.0345, -0.12, -0.501661191616, -4.94785129802, -7.51821315157, 17.5911461477
0.0398149131982, -0.111619620423, -0.521170343394, 0.0345, -0.12, -0.501422031277, -4.78342187834, -7.54234161905, 18.4909619239
0.0398240735282, -0.111618597311, -0.520970093807, 0.0345, -0.12, -0.501192571627, -4.81914716556, -7.54633175601, 17.8874001526
0.0398358912892, -0.111612382299, -0.520544134742, 0.0345, -0.12, -0.500972894192, -4.83775544335, -7.56750096664, 16.9952716013
0.0398358912892, -0.111612382299, -0.520544134742, 0.0345, -0.12, -0.500763077024, -4.80230216031, -7.54885593068, 18.4324034524
0.0398303821957, -0.111600941515, -0.520135140231, 0.0345, -0.12, -0.500563194668, -4.78081669555, -7.59347498839, 16.9874145411
0.0398271721738, -0.111594374637, -0.519932711761, 0.0345, -0.12, -0.500373318142, -4.78482489063, -7.58476345945, 17.5657984261
0.0398271721738, -0.111594374637, -0.519932711761, 0.0345, -0.12, -0.500193514909, -4.7944549564, -7.56506282626, 18.3046868678
0.0398111700483, -0.111586594693, -0.519762797373, 0.0345, -0.12, -0.500023848851, -4.73204666688, -7.59540460873, 17.76430868
0.0397967919241, -0.111572730287, -0.519415007659, 0.0345, -0.12, -0.49986438025, -4.72397835937, -7.62613596063, 17.0306013264
0.0397980886854, -0.111567854163, -0.519252101947, 0.0345, -0.12, -0.499715165765, -4.77217010047, -7.60355962444, 17.5421688837
0.0397956879941, -0.111563958069, -0.519116872735, 0.0345, -0.12, -0.49957625841, -4.7589171208, -7.6041260187, 17.5975873197
0.0397956879941, -0.111563958069, -0.519116872735, 0.0345, -0.12, -0.499447707539, -4.76611919466, -7.59243773749, 18.0879012879
0.0398025425565, -0.111558603683, -0.518872188515, 0.0345, -0.12, -0.499329558826, -4.792851988, -7.61331984321, 17.2087602009
0.0398177059778, -0.111557391006, -0.518751360433, 0.0345, -0.12, -0.499221854248, -4.83142564412, -7.6019861255, 17.5371850581
0.0398177059778, -0.111557391006, -0.518751360433, 0.0345, -0.12, -0.499124632071, -4.78593538004, -7.59834809432, 17.9557220551
0.0398268348463, -0.111555809965, -0.518652147875, 0.0345, -0.12, -0.499037926839, -4.82153796715, -7.60451415406, 17.6152769529
0.0398555524342, -0.111553449966, -0.518465161167, 0.0345, -0.12, -0.498961769358, -4.90614995426, -7.60897502818, 17.2205649462
0.0398555524342, -0.111553449966, -0.518465161167, 0.0345, -0.12, -0.498896186686, -4.81999719074, -7.60189503049, 17.8088250504
0.0398639793815, -0.111551741311, -0.518390502638, 0.0345, -0.12, -0.498841202123, -4.85286228525, -7.60855878399, 17.5353485663
0.0398615676873, -0.11154627065, -0.518284108695, 0.0345, -0.12, -0.498796835207, -4.81817583617, -7.62476839861, 17.3524650607
0.0398557453904, -0.11154314674, -0.518248601783, 0.0345, -0.12, -0.498763101699, -4.80270396041, -7.62053966432, 17.5316298598
0.0398557453904, -0.11154314674, -0.518248601783, 0.0345, -0.12, -0.498740013586, -4.82017085132, -7.61116793398, 17.6269937152
0.039835771664, -0.111537799778, -0.518227959011, 0.0345, -0.12, -0.498727579071, -4.74227331848, -7.63202108774, 17.5257171734
0.0398290888423, -0.11153583824, -0.518233237948, 0.0345, -0.12, -0.498725802572, -4.77613149316, -7.62363019519, 17.5778581483
0.0398290888423, -0.11153583824, -0.518233237948, 0.0345, -0.12, -0.498734684719, -4.7961799581, -7.61774558369, 17.5220514642
0.0398322435516, -0.111535649744, -0.518276733695, 0.0345, -0.12, -0.498754222357, -4.80848332412, -7.61848072041, 17.6421345303
0.0398374099983, -0.111536445431, -0.518314686195, 0.0345, -0.12, -0.498784408545, -4.8191683385, -7.6148120507, 17.6005488241
0.0398443261951, -0.111537891483, -0.518361246215, 0.0345, -0.12, -0.498825232556, -4.83064216597, -7.61155951077, 17.5996203157
0.0398509779245, -0.111539585136, -0.518417910404, 0.0345, -0.12, -0.498876679888, -4.83583532035, -7.60929241841, 17.6027580367
0.0398509779245, -0.111539585136, -0.518417910404, 0.0345, -0.12, -0.49893873226, -4.81588013205, -7.61437337786, 17.345103212
0.0398560543619, -0.111541282747, -0.518484956836, 0.0345, -0.12, -0.499011367627, -4.83567823798, -7.60775269521, 17.5094634881
0.0398530433095, -0.11154351558, -0.51866872107, 0.0345, -0.12, -0.49909456018, -4.80870582115, -7.60413747698, 17.9184598428
0.0398467819714, -0.111544203324, -0.518780668754, 0.0345, -0.12, -0.499188280362, -4.79331976007, -7.60815377602, 17.6878320603
0.0398467819714, -0.111544203324, -0.518780668754, 0.0345, -0.12, -0.499292494874, -4.81210377426, -7.61021700814, 17.2267129543
0.039845862337, -0.111545798164, -0.518893071593, 0.0345, -0.12, -0.49940716669, -4.80851720027, -7.60399713471, 17.53050748
0.0398327249956, -0.11154845952, -0.519169002093, 0.0345, -0.12, -0.499532255068, -4.76004047162, -7.59840236176, 18.1255986905
0.0398283866028, -0.111550435134, -0.519318673682, 0.0345, -0.12, -0.499667715564, -4.78253276421, -7.59868153759, 17.7284955864
0.0398351260537, -0.11155416473, -0.519461330511, 0.0345, -0.12, -0.499813500049, -4.82183180083, -7.59006295643, 17.673664446
0.0398351260537, -0.11155416473, -0.519461330511, 0.0345, -0.12, -0.499969556727, -4.80161344829, -7.60125174321, 17.0744263708
0.039844919233, -0.111558687657, -0.519608353146, 0.0345, -0.12, -0.500135830152, -4.83980684765, -7.58361232804, 17.4675183275
0.039847892269, -0.111562618478, -0.519774095721, 0.0345, -0.12, -0.500312261248, -4.82202215018, -7.58185090653, 17.4835854622
0.0398383587799, -0.111564971603, -0.519965948626, 0.0345, -0.12, -0.500498787329, -4.77592243446, -7.584466183, 17.5364256404
0.0398193972287, -0.111565806333, -0.520174396098, 0.0345, -0.12, -0.500695342124, -4.73057285217, -7.58827010969, 17.5668266065
0.039794875053, -0.111565628836, -0.520397160228, 0.0345, -0.12, -0.500901855797, -4.69182102066, -7.59146653778, 17.5945253559
0.0397700715882, -0.111565275572, -0.520631461412, 0.0345, -0.12, -0.501118254976, -4.66865403501, -7.59231177646, 17.6155918086
0.0397368090488, -0.111567213602, -0.521126429754, 0.0345, -0.12, -0.501344462775, -4.61334052581, -7.58369367031, 18.6100519086
0.0397429270749, -0.111572210517, -0.521368094966, 0.0345, -0.12, -0.501580398823, -4.7369884458, -7.57001979003, 17.8261140187
0.0397429270749, -0.111572210517, -0.521368094966, 0.0345, -0.12, -0.501825979294, -4.71863436744, -7.58501053498, 16.8511626932
0.0398035735497, -0.111591678582, -0.521813333714, 0.0345, -0.12, -0.502081116933, -4.95515561919, -7.50908508032, 18.3292984324
0.0398182823241, -0.111599238392, -0.522062756897, 0.0345, -0.12, -0.502345721092, -4.83058041476, -7.53800601806, 17.6997892963
0.0398182823241, -0.111599238392, -0.522062756897, 0.0345, -0.12, -0.502619697757, -4.78645409169, -7.56068544741, 16.6768232288
0.0398025138259, -0.111605798, -0.522575771572, 0.0345, -0.12, -0.502902949587, -4.72495694867, -7.53510297722, 18.3948283197
0.0397740438788, -0.111605270722, -0.522861935065, 0.0345, -0.12, -0.503195375944, -4.66122964966, -7.55683818323, 17.6811146225
0.0397554893861, -0.111606098936, -0.523130478661, 0.0345, -0.12, -0.503496872929, -4.67427696927, -7.55202631684, 17.5713849902
0.0397395111439, -0.111607459926, -0.523403150436, 0.0345, -0.12, -0.503807333422, -4.66762530318, -7.5492030955, 17.5228691609
0.0397395111439, -0.111607459926, -0.523403150436, 0.0345, -0.12, -0.504126647118, -4.71556002955, -7.55328606663, 16.3909118985
0.0397226031675, -0.111608694322, -0.523684782808, 0.0345, -0.12, -0.504454700566, -4.6496189213, -7.54847192232, 17.1678107867
0.0396946827835, -0.11160758423, -0.52399207367, 0.0345, -0.12, -0.504791377211, -4.59145335328, -7.55650446745, 17.1924694631
0.0396486990888, -0.111602260308, -0.52433868352, 0.0345, -0.12, -0.505136557433, -4.49587809568, -7.57393748858, 17.2862023619
0.0395529105119, -0.111587925773, -0.525090380516, 0.0345, -0.12, -0.505490118592, -4.2602537302, -7.61387040953, 18.8346432456
0.0395529105119, -0.111587925773, -0.525090380516, 0.0345, -0.12, -0.505851935067, -4.54761946074, -7.57086680413, 16.229151477
0.0395393354604, -0.111587638271, -0.52546135159, 0.0345, -0.12, -0.506221878309, -4.49467675963, -7.57198806228, 17.3186094505
0.0395626837826, -0.111598216215, -0.52622885519, 0.0345, -0.12, -0.506599816877, -4.62646037122, -7.52987157581, 18.8348295785
0.0395626837826, -0.111598216215, -0.52622885519, 0.0345, -0.12, -0.506985616492, -4.55641540438, -7.56160540673, 16.161515983
0.039581602551, -0.111604960191, -0.526628047801, 0.0345, -0.12, -0.507379140081, -4.63019860091, -7.53530389936, 17.3410240137
0.0396041200822, -0.111613092508, -0.5270197683, 0.0345, -0.12, -0.507780247828, -4.66126066782, -7.52381979284, 17.2874066817
0.0396119083866, -0.11161736767, -0.527442766334, 0.0345, -0.12, -0.50818879722, -4.62408246082, -7.53154361185, 17.3719181289
0.0396085584313, -0.111618754644, -0.527874512084, 0.0345, -0.12, -0.508604643101, -4.58765272234, -7.5389598965, 17.3905816888
0.0395921707699, -0.111616589115, -0.52831414983, 0.0345, -0.12, -0.509027637725, -4.53379070891, -7.55156638251, 17.4077902626
0.0395673054574, -0.111612268135, -0.528757342299, 0.0345, -0.12, -0.509457630802, -4.48597897386, -7.56192162036, 17.4093385217
0.03953715727, -0.111606486109, -0.529201371745, 0.0345, -0.12, -0.509894469559, -4.4429969811, -7.57150857867, 17.3977840379
0.0395070618856, -0.111600795412, -0.529643541741, 0.0345, -0.12, -0.510337998788, -4.4160695439, -7.57635622076, 17.3709109559
0.0394814537118, -0.111596467357, -0.530081845368, 0.0345, -0.12, -0.510788060906, -4.40648381891, -7.57616354407, 17.3291305454
0.0394629921008, -0.111594152557, -0.530514932674, 0.0345, -0.12, -0.511244496007, -4.41130805803, -7.5722070978, 17.2733496116
0.039448068526, -0.111595061111, -0.531364116478, 0.0345, -0.12, -0.511707141924, -4.40849094881, -7.5617193367, 18.8508907608
0.039448068526, -0.111595061111, -0.531364116478, 0.0345, -0.12, -0.512175834279, -4.45326167339, -7.56444499967, 15.8633769142
0.0394734078528, -0.111608217275, -0.532135704507, 0.0345, -0.12, -0.512650406548, -4.55208504795, -7.51313596362, 18.4278154448
0.0394734078528, -0.111608217275, -0.532135704507, 0.0345, -0.12, -0.513130690119, -4.47606706752, -7.55260445289, 15.6636622375
0.0394772868072, -0.111611812988, -0.532518842643, 0.0345, -0.12, -0.513616514348, -4.49119498966, -7.53858116876, 16.7040371841
0.0394409933098, -0.111603045412, -0.533295743691, 0.0345, -0.12, -0.514107706626, -4.33801348673, -7.58356185838, 18.1263596714
0.0394004086419, -0.111589118297, -0.533699329275, 0.0345, -0.12, -0.514604092433, -4.28861377403, -7.61157487704, 16.9073124877
0.0393715307482, -0.111579135245, -0.534077883976, 0.0345, -0.12, -0.515105495405, -4.29774399224, -7.60872743794, 16.7066048982
0.0393470754197, -0.111570864456, -0.534455185449, 0.0345, -0.12, -0.515611737398, -4.28900189238, -7.61103435367, 16.572281687
0.0393470754197, -0.111570864456, -0.534455185449, 0.0345, -0.12, -0.516122638545, -4.36236787777, -7.58622198925, 14.9665887718
0.0392876782497, -0.111548632903, -0.535241020198, 0.0345, -0.12, -0.516638017326, -4.13071891469, -7.67292504804, 17.5540704893
0.0392414669446, -0.111529222661, -0.535673691771, 0.0345, -0.12, -0.517157690629, -4.12868633489, -7.68193033253, 16.4033958389
0.0392414669446, -0.111529222661, -0.535673691771, 0.0345, -0.12, -0.517681473817, -4.26732025017, -7.62369960553, 14.6216465956
0.039201134553, -0.111508035233, -0.536506892587, 0.0345, -0.12, -0.518209180792, -4.11002392299, -7.70633057346, 17.3844221382
0.0391760200755, -0.111493276997, -0.536956878155, 0.0345, -0.12, -0.518740624062, -4.13307463539, -7.70032541145, 16.1502555784
0.0391700039134, -0.111486711893, -0.537386289116, 0.0345, -0.12, -0.519275614808, -4.18495503562, -7.68165460919, 15.9828675227
0.0391690611657, -0.111482418217, -0.537819313298, 0.0345, -0.12, -0.51981396295, -4.19932680597, -7.67870463238, 15.8888434307
0.0391690611657, -0.111482418217, -0.537819313298, 0.0345, -0.12, -0.520355477216, -4.2021550491, -7.66582360495, 14.092909675
0.039165806548, -0.111477346016, -0.538259436516, 0.0345, -0.12, -0.520899965209, -4.18946204029, -7.68560518801, 15.3104298541
0.0391505433101, -0.111466839354, -0.538721727511, 0.0345, -0.12, -0.521447233474, -4.13969926521, -7.71136456776, 15.2921128256
0.0391124274547, -0.11144487923, -0.539229040074, 0.0345, -0.12, -0.521997087569, -4.03683714307, -7.7654890639, 15.3811326577
0.0390088514098, -0.111384334666, -0.540298561013, 0.0345, -0.12, -0.522549332134, -3.74723813407, -7.93573249478, 17.5261351107
0.0390088514098, -0.111384334666, -0.540298561013, 0.0345, -0.12, -0.52310377096, -4.0579662688, -7.75409880098, 13.8119945713
0.0389623035625, -0.111343430054, -0.541347504239, 0.0345, -0.12, -0.523660207056, -3.87642966444, -7.91362678666, 17.3960888553
0.0389510976072, -0.111327343398, -0.541880642098, 0.0345, -0.12, -0.524218442724, -3.97236998072, -7.85365090844, 15.8206860111
0.0389510976072, -0.111327343398, -0.541880642098, 0.0345, -0.12, -0.524778279625, -4.00598784652, -7.80539094158, 13.7126155238
0.0389805810453, -0.111331993442, -0.542352727703, 0.0345, -0.12, -0.525339518851, -4.12097325506, -7.78725577147, 15.0444270995
0.0390240746095, -0.111336300788, -0.543335766767, 0.0345, -0.12, -0.525901960998, -4.20214784087, -7.78440725269, 16.9522159438
0.0390288987564, -0.111332227283, -0.543820300978, 0.0345, -0.12, -0.526465406232, -4.09048132172, -7.81321596048, 15.3826722027
0.0390288987564, -0.111332227283, -0.543820300978, 0.0345, -0.12, -0.527029654363, -4.07600888079, -7.8009954454, 13.4188375589
0.0390344648448, -0.111331220773, -0.544258918076, 0.0345, -0.12, -0.527594504917, -4.09771662535, -7.80492083578, 14.6192714757
0.0390243998765, -0.111324244724, -0.544700040118, 0.0345, -0.12, -0.528159757206, -4.04176498398, -7.82910789511, 14.5138638792
0.0389313657791, -0.111275831216, -0.545635243314, 0.0345, -0.12, -0.528725210397, -3.70912690907, -7.99699242724, 16.3282796392
0.0389313657791, -0.111275831216, -0.545635243314, 0.0345, -0.12, -0.529290663589, -3.98822920121, -7.85175190525, 13.0137621781
0.0388879724799, -0.11124955851, -0.546076980117, 0.0345, -0.12, -0.529855915878, -3.81899533424, -7.95421546046, 14.2284113593
0.0388150642341, -0.111196332426, -0.546942431157, 0.0345, -0.12, -0.530420766432, -3.66483307346, -8.08297906704, 15.7712997085
0.0387933315414, -0.111173569758, -0.547360312899, 0.0345, -0.12, -0.530985014563, -3.79880030918, -8.01207522368, 14.2986693347
0.0388030158443, -0.111165641692, -0.547737108599, 0.0345, -0.12, -0.531548459797, -3.90176716848, -7.97470667262, 14.0098353212
0.0388139820354, -0.111160399529, -0.548107033049, 0.0345, -0.12, -0.532110901944, -3.91548240496, -7.97136691406, 13.8189649038
0.0388139820354, -0.111160399529, -0.548107033049, 0.0345, -0.12, -0.53267214117, -3.88258383182, -7.95564042383, 12.2076850111
0.0388148453879, -0.111153289539, -0.548476417216, 0.0345, -0.12, -0.533231978071, -3.88595090671, -7.98336938648, 13.1486370276
0.03878946192, -0.111137017497, -0.548873440624, 0.0345, -0.12, -0.533790213739, -3.78436532415, -8.02550037944, 13.0912674181
0.0387308701665, -0.111107347763, -0.549311650805, 0.0345, -0.12, -0.534346649835, -3.6320078894, -8.09239621228, 13.1138231286
0.0386537084741, -0.11107005745, -0.549767480293, 0.0345, -0.12, -0.534901088661, -3.5068525494, -8.14881923574, 13.0839244547
0.0385694978898, -0.11102796232, -0.550234972436, 0.0345, -0.12, -0.535453333226, -3.40991634803, -8.20111930158, 13.0492180217
0.0384471525612, -0.110951400795, -0.551176711573, 0.0345, -0.12, -0.536003187321, -3.18540131931, -8.37342385945, 14.8318269531
0.0384471525612, -0.110951400795, -0.551176711573, 0.0345, -0.12, -0.536550455586, -3.55243730508, -8.14373928448, 11.5218255939
0.038488043665, -0.110923234689, -0.552041624977, 0.0345, -0.12, -0.537094943579, -3.71191260981, -8.25358709879, 14.4132894938
0.038488043665, -0.110923234689, -0.552041624977, 0.0345, -0.12, -0.537636457845, -3.58923929848, -8.16908878009, 11.3401076209
0.0385779676296, -0.110920714093, -0.552885080237, 0.0345, -0.12, -0.538174805987, -3.93994276066, -8.17891910238, 14.1545681752
0.0385779676296, -0.110920714093, -0.552885080237, 0.0345, -0.12, -0.538709796733, -3.67017086668, -8.171357316, 11.152782915
0.0385659248047, -0.110914659854, -0.553769105895, 0.0345, -0.12, -0.539241240003, -3.62320384957, -8.19496885124, 14.132826469
0.0385659248047, -0.110914659854, -0.553769105895, 0.0345, -0.12, -0.539768946978, -3.65933232427, -8.17680613182, 11.0170221012
0.0385573905784, -0.110907735106, -0.554204255947, 0.0345, -0.12, -0.540292730166, -3.6260488414, -8.20381264757, 12.2544737964
0.0385589235667, -0.110902201243, -0.554607269292, 0.0345, -0.12, -0.540812403469, -3.65763017502, -8.20462046949, 12.0653993641
0.0385321271047, -0.110886520147, -0.555037012951, 0.0345, -0.12, -0.54132778225, -3.54852500841, -8.24917515454, 12.0814022669
0.0384919802772, -0.110865066511, -0.555466044763, 0.0345, -0.12, -0.541838683397, -3.4723417668, -8.28580105095, 12.0190172223
0.038441861276, -0.110838609147, -0.555892595654, 0.0345, -0.12, -0.54234492539, -3.39731814468, -8.32462385764, 11.9538299346
0.0383923500661, -0.110809164127, -0.556310393844, 0.0345, -0.12, -0.542846328362, -3.3545814301, -8.36008734619, 11.866844583
0.0383529527375, -0.110779647153, -0.556716131565, 0.0345, -0.12, -0.543342714169, -3.34946547793, -8.38686848626, 11.7641314013
0.038330404784, -0.110752613083, -0.55710740082, 0.0345, -0.12, -0.543833906447, -3.37972044488, -8.40375043435, 11.6463758681
0.0383375740519, -0.110711405076, -0.557844974112, 0.0345, -0.12, -0.544319730676, -3.4753244504, -8.48335945397, 12.9279662782
0.0383730922423, -0.110705450902, -0.558170370871, 0.0345, -0.12, -0.544800014247, -3.59233758933, -8.38295670833, 11.5686605263
0.0383730922423, -0.110705450902, -0.558170370871, 0.0345, -0.12, -0.545274586516, -3.48578301807, -8.36509418808, 10.1824891104
0.0384249496196, -0.110713272044, -0.558454198131, 0.0345, -0.12, -0.545743278871, -3.68802678972, -8.33459173558, 10.8852320506
0.0384504956425, -0.110720180321, -0.558749653131, 0.0345, -0.12, -0.546205924788, -3.63208414695, -8.33111288137, 10.7877827605
0.0384301510208, -0.110719709879, -0.559076915187, 0.0345, -0.12, -0.546662359889, -3.47610205353, -8.3536724346, 10.7855806288
0.0383633132826, -0.110711615358, -0.559422392258, 0.0345, -0.12, -0.547112422007, -3.27646873959, -8.38382973818, 10.7652180857
0.0382627828157, -0.110695544499, -0.559781600164, 0.0345, -0.12, -0.547555951236, -3.08491313353, -8.42222252905, 10.7501200657
0.0380480732725, -0.110643672213, -0.560506421909, 0.0345, -0.12, -0.547992789993, -2.54913731557, -8.57631186719, 12.1262176899
0.0380147154367, -0.110617206093, -0.560831167719, 0.0345, -0.12, -0.54842278307, -3.06317038583, -8.52391287555, 10.8518043822
0.0380948621684, -0.110603886524, -0.561086963818, 0.0345, -0.12, -0.548845777694, -3.47581614638, -8.49646083704, 10.5154719379
0.0381908003986, -0.110596063983, -0.561331472707, 0.0345, -0.12, -0.549261623575, -3.6095350495, -8.48701003897, 10.3488532414
0.0381908003986, -0.110596063983, -0.561331472707, 0.0345, -0.12, -0.549670172967, -3.32172035875, -8.46354241572, 9.26952159006
0.0382507730283, -0.110582189264, -0.561880377791, 0.0345, -0.12, -0.550071280714, -3.55561361464, -8.51765381655, 11.0715793834
0.0382092790209, -0.110568412918, -0.562205124673, 0.0345, -0.12, -0.550464804303, -3.21386909648, -8.52975741479, 10.3599582084
0.0381546074547, -0.110559486117, -0.562517197696, 0.0345, -0.12, -0.550850603918, -3.12513201066, -8.52324289544, 10.2787546242
0.0381062005361, -0.110552353694, -0.562822672565, 0.0345, -0.12, -0.551228542486, -3.10035972653, -8.52427894431, 10.2173259718
0.0381062005361, -0.110552353694, -0.562822672565, 0.0345, -0.12, -0.551598485728, -3.24558048245, -8.50288167524, 8.99193842879
0.0380213393681, -0.11053421898, -0.563432704176, 0.0345, -0.12, -0.551960302203, -2.91462192755, -8.57360706092, 11.0698071813
0.0379730351725, -0.110520278854, -0.563750326174, 0.0345, -0.12, -0.552313863362, -2.98081906851, -8.57356940985, 10.1849990516
0.0379730351725, -0.110520278854, -0.563750326174, 0.0345, -0.12, -0.552659043584, -3.12573165529, -8.53174903157, 8.94661366507
0.038005486588, -0.110500995338, -0.564296610343, 0.0345, -0.12, -0.552995720229, -3.25229217578, -8.60695474478, 10.7996236758
0.038005486588, -0.110500995338, -0.564296610343, 0.0345, -0.12, -0.553323773677, -3.15493792924, -8.54910419616, 8.89139265385
0.0380077405843, -0.110487358639, -0.564585041322, 0.0345, -0.12, -0.553643087373, -3.16372851478, -8.60228731931, 9.75511040276
0.0379698156706, -0.110460375011, -0.565170931235, 0.0345, -0.12, -0.553953547866, -3.00905936237, -8.66661337504, 10.9219332895
0.0379698156706, -0.110460375011, -0.565170931235, 0.0345, -0.12, -0.554255044851, -3.12283410355, -8.58566249007, 8.91980679035
0.0379608378404, -0.110450731127, -0.565446918645, 0.0345, -0.12, -0.554547471208, -3.0878205658, -8.62327363798, 9.76018585454
0.0379680444518, -0.110439665659, -0.56596405215, 0.0345, -0.12, -0.554830723038, -3.14285984079, -8.63749731011, 10.7216412292
0.0379886374167, -0.110438387208, -0.566196456367, 0.0345, -0.12, -0.555104699703, -3.20155256977, -8.6092868659, 9.85786365058
0.0379886374167, -0.110438387208, -0.566196456367, 0.0345, -0.12, -0.555369303862, -3.13977367505, -8.60545151271, 8.95062477867
0.0380944110851, -0.110453374573, -0.566557246628, 0.0345, -0.12, -0.555624441501, -3.55229098167, -8.54700078847, 10.156482481
0.0380944110851, -0.110453374573, -0.566557246628, 0.0345, -0.12, -0.555870021971, -3.23496997657, -8.59196288404, 8.88176077999
0.0381046362576, -0.110459412794, -0.566745813319, 0.0345, -0.12, -0.55610595802, -3.27484814945, -8.56841382358, 9.43376169867
0.0380660441591, -0.110463638221, -0.566942820046, 0.0345, -0.12, -0.556332165818, -3.09366344781, -8.57004932045, 9.46198558666
0.0379829681948, -0.110463580907, -0.567157136719, 0.0345, -0.12, -0.556548564998, -2.88544348221, -8.58294912408, 9.54146703301
0.0378814883486, -0.110459130262, -0.567368874087, 0.0345, -0.12, -0.556755078671, -2.73889997532, -8.60013470177, 9.56808695606
0.0377972936689, -0.110449505142, -0.567563265049, 0.0345, -0.12, -0.556951633466, -2.71498026267, -8.6243207322, 9.54397692692
0.0377635359887, -0.110434827106, -0.56772637682, 0.0345, -0.12, -0.557138159547, -2.83590934953, -8.65268971329, 9.45915261449
0.037797505685, -0.110416387224, -0.567851455846, 0.0345, -0.12, -0.557314590643, -3.06966420523, -8.68057114268, 9.32912247318
0.0380124554688, -0.11037870754, -0.5680111035, 0.0345, -0.12, -0.557480864068, -3.8060592735, -8.77220226605, 9.45733817549
0.0380124554688, -0.11037870754, -0.5680111035, 0.0345, -0.12, -0.557636920746, -3.16120992196, -8.65916321394, 8.86859444379
0.0380792955045, -0.110371989554, -0.568087008664, 0.0345, -0.12, -0.557782705231, -3.42188606099, -8.68536336087, 9.06423512463
0.0379769016908, -0.11038744389, -0.568303542966, 0.0345, -0.12, -0.557918165727, -2.82203008054, -8.60493748913, 9.59006093546
0.0379769016908, -0.11038744389, -0.568303542966, 0.0345, -0.12, -0.558043254105, -3.1292115217, -8.65130049879, 8.85899484254
0.0377381268497, -0.110412352402, -0.56854174978, 0.0345, -0.12, -0.558157925921, -2.19798964142, -8.55415730122, 9.71604646659
0.0376924133848, -0.110417609913, -0.568620522254, 0.0345, -0.12, -0.558262140433, -2.73603165165, -8.60837854572, 9.24621752455
0.0377790102954, -0.110412112311, -0.568634606735, 0.0345, -0.12, -0.558355860615, -3.21089999788, -8.64559172612, 9.01196440488
0.0377790102954, -0.110412112311, -0.568634606735, 0.0345, -0.12, -0.558439053168, -2.9511092659, -8.62909891995, 8.92642055114
0.0378842825784, -0.110403524182, -0.568635091568, 0.0345, -0.12, -0.558511688535, -3.36167116933, -8.66259262508, 8.89461113006
0.0380030298845, -0.110384696899, -0.568664473186, 0.0345, -0.12, -0.558573740907, -3.50896881451, -8.710254639, 8.98364678668
0.0380030298845, -0.110384696899, -0.568664473186, 0.0345, -0.12, -0.558625188238, -3.15272689607, -8.65377279094, 8.88101445778
0.0379552529735, -0.110380909442, -0.568714938593, 0.0345, -0.12, -0.55866601225, -2.96639694301, -8.66854387363, 9.07295789314
0.0376916805067, -0.11038392979, -0.568868274698, 0.0345, -0.12, -0.558696198438, -2.08179505584, -8.64540214463, 9.52431838729
0.0376916805067, -0.11038392979, -0.568868274698, 0.0345, -0.12, -0.558715736076, -2.87251245607, -8.65446318901, 9.07867184522
0.0376780393814, -0.110378275734, -0.568896004583, 0.0345, -0.12, -0.558724618223, -2.81931206727, -8.67651400645, 9.21079093927
0.0376780393814, -0.110378275734, -0.568896004583, 0.0345, -0.12, -0.558722841724, -2.86023544327, -8.65955183919, 9.16117607253
0.0378690671805, -0.110369622017, -0.568813980407, 0.0345, -0.12, -0.558710407208, -3.60524385982, -8.69330133453, 8.88444689689
0.0378690671805, -0.110369622017, -0.568813980407, 0.0345, -0.12, -0.558687319096, -3.03216046247, -8.66734018427, 9.18325951903
0.0379453725303, -0.110375151446, -0.568748519323, 0.0345, -0.12, -0.558653585588, -3.32975132641, -8.64577541406, 8.99025762921
0.0379089154831, -0.110383329398, -0.568733866684, 0.0345, -0.12, -0.558609218672, -2.95865279329, -8.63046968692, 9.2013260426
0.0379089154831, -0.110383329398, -0.568733866684, 0.0345, -0.12, -0.558554234109, -3.06802393478, -8.65500354224, 9.32662300397
0.0378355508969, -0.110392232012, -0.568727066978, 0.0345, -0.12, -0.558488651437, -2.78190204883, -8.62028334602, 9.39092288869
0.0377142980529, -0.110410579656, -0.568670509457, 0.0345, -0.12, -0.558412493956, -2.52910971543, -8.57543537769, 9.29101383164
0.0377142980529, -0.110410579656, -0.568670509457, 0.0345, -0.12, -0.558325788724, -2.8928682476, -8.63047830967, 9.57036435553
0.0377310807917, -0.11041421562, -0.56859669428, 0.0345, -0.12, -0.558228566547, -2.95832092907, -8.61629805003, 9.40153595561
0.0378140407842, -0.110412614234, -0.568486257223, 0.0345, -0.12, -0.558120861969, -3.23151668333, -8.63345134745, 9.32065829515
0.0379301325822, -0.110410793914, -0.568348299909, 0.0345, -0.12, -0.558002713256, -3.43539471785, -8.63574643682, 9.25160218374
0.0381129627771, -0.110410526561, -0.568057749522, 0.0345, -0.12, -0.557874162385, -3.80015708393, -8.63132815585, 8.67922987711
0.0380702618947, -0.110415499429, -0.56795397421, 0.0345, -0.12, -0.55773525503, -3.08513305819, -8.61113190759, 9.3022433874
0.0380702618947, -0.110415499429, -0.56795397421, 0.0345, -0.12, -0.557586040545, -3.21323570523, -8.62605051362, 9.77878375412
0.0378996459477, -0.110422774856, -0.567901122933, 0.0345, -0.12, -0.557426571944, -2.54783351183, -8.59767635115, 9.74694786341
0.037708487865, -0.1104309072, -0.567843950475, 0.0345, -0.12, -0.557256905886, -2.31416483033, -8.58778648558, 9.86582092854
0.037544320281, -0.110442931419, -0.567595485299, 0.0345, -0.12, -0.557077102653, -2.24738550086, -8.56528906839, 9.26055855277
0.037544320281, -0.110442931419, -0.567595485299, 0.0345, -0.12, -0.556887226127, -2.73988825287, -8.60136172327, 10.2070628318
0.0376605324377, -0.110439240436, -0.567379471706, 0.0345, -0.12, -0.556687343771, -3.19311566412, -8.61575655632, 9.57452143111
0.0378897346288, -0.110428206468, -0.567115418928, 0.0345, -0.12, -0.556477526602, -3.73836773905, -8.64771608211, 9.41139626493
0.0383617751374, -0.110416332468, -0.566535963869, 0.0345, -0.12, -0.556257849168, -4.8917191497, -8.66092277917, 8.17097035611
0.0383617751374, -0.110416332468, -0.566535963869, 0.0345, -0.12, -0.556028389518, -3.47559762368, -8.62530077889, 10.1451958655
0.0381627706661, -0.110440429405, -0.566199909074, 0.0345, -0.12, -0.555789229179, -2.69948018561, -8.53132272358, 9.0789285391
0.0381627706661, -0.110440429405, -0.566199909074, 0.0345, -0.12, -0.555540453122, -3.29649359951, -8.60361353536, 10.339838526
0.0379500357323, -0.110460725625, -0.566060175165, 0.0345, -0.12, -0.555282149737, -2.46682735745, -8.5244582798, 10.055931313
0.0377597992848, -0.110476388454, -0.565911676033, 0.0345, -0.12, -0.555014410799, -2.36311001383, -8.52426190365, 10.165258131
0.0376329837032, -0.110491916664, -0.56572185703, 0.0345, -0.12, -0.554737331432, -2.43923858832, -8.510690371, 10.1478541277
0.0376258695286, -0.110500824524, -0.565478300805, 0.0345, -0.12, -0.554451010083, -2.79194005171, -8.52253434796, 10.0528570212
0.0377442827472, -0.110503283398, -0.565179057709, 0.0345, -0.12, -0.55415554848, -3.27509412846, -8.53966831962, 9.90981382708
0.0381880578089, -0.110496360913, -0.564483474062, 0.0345, -0.12, -0.553851051599, -4.65057721296, -8.57404263237, 8.39591992199
0.0381880578089, -0.110496360913, -0.564483474062, 0.0345, -0.12, -0.553537627626, -3.31925202799, -8.5532751779, 10.791533712
0.038321435389, -0.110493684714, -0.564169361535, 0.0345, -0.12, -0.553215387919, -3.83942459037, -8.5637123566, 9.8829577912
0.038277785939, -0.110495378291, -0.563930403019, 0.0345, -0.12, -0.552884446969, -3.26905899517, -8.54907880651, 10.2173077476
0.0380411619735, -0.110518431176, -0.563466318784, 0.0345, -0.12, -0.552544922357, -2.47717387963, -8.46425328664, 9.45557791684
0.0379167147707, -0.11053022895, -0.563240372115, 0.0345, -0.12, -0.552196934715, -2.70170168518, -8.48740062306, 10.3052165807
0.0378646175316, -0.11053211349, -0.563007239221, 0.0345, -0.12, -0.551840607681, -2.87186406135, -8.51544423855, 10.4195508041
0.0378646175316, -0.11053211349, -0.563007239221, 0.0345, -0.12, -0.551476067856, -3.02815577848, -8.52109785892, 11.471673702
0.0378807209043, -0.110531245811, -0.562749572098, 0.0345, -0.12, -0.55110344476, -3.09095893189, -8.52448180601, 10.8263825225
0.0379586458322, -0.110534620488, -0.562452901078, 0.0345, -0.12, -0.550722870784, -3.34655603265, -8.50871753274, 10.8087361331
0.0380898113919, -0.110546360489, -0.562111355391, 0.0345, -0.12, -0.550334481144, -3.62432693193, -8.47305555562, 10.7397186835
0.0382382256571, -0.110565032434, -0.561751031426, 0.0345, -0.12, -0.549938413833, -3.80964588682, -8.43545497303, 10.7385858717
0.0383617858622, -0.110589617396, -0.561388084847, 0.0345, -0.12, -0.549534809572, -3.84628789149, -8.39558945731, 10.7899207916
0.0384321907556, -0.11061884757, -0.561034825843, 0.0345, -0.12, -0.549123811759, -3.75018636013, -8.35534666749, 10.8931291023
0.0384303321779, -0.110649582609, -0.560698456658, 0.0345, -0.12, -0.54870556642, -3.53172322697, -8.32317053404, 11.0392296748
0.0383611076158, -0.110677931635, -0.560377385786, 0.0345, -0.12, -0.548280222156, -3.26732316788, -8.30481444949, 11.2002674425
0.0381183403756, -0.110718337185, -0.559750694551, 0.0345, -0.12, -0.54784793009, -2.52820461737, -8.23227988289, 10.129290511
0.0381183403756, -0.110718337185, -0.559750694551, 0.0345, -0.12, -0.547408843812, -3.25650633801, -8.35349653322, 12.4249244987
0.0380289241367, -0.110721237926, -0.559435675523, 0.0345, -0.12, -0.546963119328, -2.90778300629, -8.34218364448, 11.6174169434
0.0380411601517, -0.11070791265, -0.558726601938, 0.0345, -0.12, -0.546510915002, -3.22375218149, -8.40285444323, 10.2235104657
0.0381228168748, -0.110702344537, -0.558337872091, 0.0345, -0.12, -0.5460523915, -3.50550535681, -8.38459425632, 11.2663134962
0.0381921529431, -0.110696803838, -0.55797327407, 0.0345, -0.12, -0.545587711733, -3.53094585355, -8.38949864031, 11.4472513398
0.0381921529431, -0.110696803838, -0.55797327407, 0.0345, -0.12, -0.545117040799, -3.32293764877, -8.37287654536, 12.9826227437
0.038242403238, -0.11069536625, -0.557616509377, 0.0345, -0.12, -0.544640545927, -3.51891379898, -8.37848314097, 12.0375576459
0.0383884053723, -0.110723477402, -0.556825776594, 0.0345, -0.12, -0.544158396411, -3.93757123801, -8.2645368823, 10.4748923626
0.0383884053723, -0.110723477402, -0.556825776594, 0.0345, -0.12, -0.543670763558, -3.49956483508, -8.34887033831, 13.3024102924
0.0384336605305, -0.110746715717, -0.556431240938, 0.0345, -0.12, -0.543177820621, -3.67605995208, -8.25824090991, 12.2233001297
0.0384296740628, -0.110804362073, -0.555662262256, 0.0345, -0.12, -0.54267974274, -3.52474725342, -8.1031350651, 10.8715651591
0.0384296740628, -0.110804362073, -0.555662262256, 0.0345, -0.12, -0.54217670688, -3.53670665653, -8.27607413413, 13.6461074168
0.0383945927688, -0.110861619951, -0.554883390284, 0.0345, -0.12, -0.541668891768, -3.39988960994, -8.05276841156, 11.0798780872
0.0383869863588, -0.11088740934, -0.554480566837, 0.0345, -0.12, -0.541156477827, -3.47546849289, -8.12396342451, 12.3204515895
0.0383735177618, -0.110896243625, -0.554105730843, 0.0345, -0.12, -0.540639647117, -3.4457601947, -8.16687788409, 12.545459503
0.0383735177618, -0.110896243625, -0.554105730843, 0.0345, -0.12, -0.540118583263, -3.48616598564, -8.19338073755, 14.1516243819
0.0383890436793, -0.110904811445, -0.553334104803, 0.0345, -0.12, -0.539593471399, -3.54671706377, -8.15996624065, 11.6270275391
0.0384679941238, -0.110917785279, -0.552895117038, 0.0345, -0.12, -0.539064498093, -3.80804604502, -8.13507174583, 12.7175136727
0.0384937902944, -0.110925927597, -0.552504079972, 0.0345, -0.12, -0.538531851287, -3.67179977662, -8.14223820757, 12.9998350337
0.0384937902944, -0.110925927597, -0.552504079972, 0.0345, -0.12, -0.537995720229, -3.59441126494, -8.16666516243, 14.6659169438
0.0384972645779, -0.110933508578, -0.552123577239, 0.0345, -0.12, -0.537456295402, -3.60796097082, -8.13709933673, 13.6773199353
0.0385142031707, -0.11094868284, -0.551717631805, 0.0345, -0.12, -0.536913768463, -3.66359863177, -8.10066265723, 13.7332215215
0.0385603092291, -0.110976970773, -0.551267919855, 0.0345, -0.12, -0.536368332168, -3.79259648135, -8.03586250502, 13.696801955
0.038680962078, -0.111052738718, -0.550318440429, 0.0345, -0.12, -0.535820180308, -4.12482441716, -7.82523131947, 11.8444514079
0.0387131729925, -0.111084728648, -0.549852980261, 0.0345, -0.12, -0.535269507639, -3.88848843665, -7.9277744289, 13.3807628622
0.0386788214379, -0.111090769087, -0.549445347638, 0.0345, -0.12, -0.534716509813, -3.65788463029, -8.00018650203, 13.6920496535
0.0386788214379, -0.111090769087, -0.549445347638, 0.0345, -0.12, -0.534161383306, -3.7609392941, -8.0183078214, 15.4209474183
0.0385817753607, -0.111085770602, -0.548639572268, 0.0345, -0.12, -0.533604325353, -3.38245959291, -8.03780191536, 12.7855699716
0.0385680567175, -0.111092458891, -0.548206426208, 0.0345, -0.12, -0.533045533874, -3.62009511617, -7.99672213059, 14.0217393596
0.0385774236848, -0.111099991122, -0.547788754224, 0.0345, -0.12, -0.532485207404, -3.69778221836, -7.98741129736, 14.2011555959
0.0386049924431, -0.111111154876, -0.547366849646, 0.0345, -0.12, -0.531923545026, -3.77719947359, -7.96646935069, 14.3182475573
0.0386049924431, -0.111111154876, -0.547366849646, 0.0345, -0.12, -0.531360746294, -3.69449319878, -7.99996061193, 16.0938892117
0.0387030946462, -0.111149878925, -0.546494817612, 0.0345, -0.12, -0.530797011169, -4.07709179084, -7.84893681964, 13.2031350737
0.0387030946462, -0.111149878925, -0.546494817612, 0.0345, -0.12, -0.530232539943, -3.78278518156, -7.96510896755, 16.3294635804
0.0387731103318, -0.111181506048, -0.546027904574, 0.0345, -0.12, -0.52966753317, -4.05584635529, -7.84176318951, 15.018615469
0.0389140733726, -0.111258173834, -0.545056562346, 0.0345, -0.12, -0.529102191594, -4.39555515789, -7.63764019043, 13.1409317189
0.0389562125257, -0.111292056392, -0.544570064421, 0.0345, -0.12, -0.528536716078, -4.13700873235, -7.73550157209, 14.6669462806
0.0389562125257, -0.111292056392, -0.544570064421, 0.0345, -0.12, -0.527971307534, -4.01059127311, -7.83714924703, 16.6351068312
0.0389347309266, -0.111300405687, -0.544134985517, 0.0345, -0.12, -0.527406166848, -3.92681303671, -7.80458699619, 15.4461221498
0.0388891579942, -0.111320481128, -0.543203162421, 0.0345, -0.12, -0.526841494812, -3.8135233977, -7.75134066204, 13.6240476668
0.0388780036602, -0.111332652632, -0.542730250265, 0.0345, -0.12, -0.52627749205, -3.90674029196, -7.76409811891, 15.0807542118
0.0388667876577, -0.11133576395, -0.542292647488, 0.0345, -0.12, -0.525714358952, -3.89646088439, -7.78847849157, 15.2970506455
0.0388667876577, -0.11133576395, -0.542292647488, 0.0345, -0.12, -0.525152295595, -3.9301088919, -7.797812445, 17.1125067759
0.0388651655777, -0.111337867539, -0.541860610866, 0.0345, -0.12, -0.524591501677, -3.92378278009, -7.78960844854, 15.928470157
0.0388885095863, -0.11134862172, -0.541401298689, 0.0345, -0.12, -0.524032176446, -4.01969065348, -7.75397790903, 15.9322491802
0.0389392321375, -0.111371453791, -0.540907958804, 0.0345, -0.12, -0.523474518628, -4.14747657728, -7.69719537621, 15.8830499559
0.0390038386464, -0.111401276347, -0.540404837209, 0.0345, -0.12, -0.522918726356, -4.24727430847, -7.64938361859, 15.8955118023
0.039127542121, -0.111466253471, -0.5393933256, 0.0345, -0.12, -0.5223649971, -4.53589833264, -7.48544050321, 13.9521485913
0.0391558975886, -0.111488759099, -0.538909627295, 0.0345, -0.12, -0.521813527597, -4.27537423252, -7.59259992655, 15.5898033184
0.0391558975886, -0.111488759099, -0.538909627295, 0.0345, -0.12, -0.521264513783, -4.19030782972, -7.66011681067, 17.5276436048
0.0391030567968, -0.111483657192, -0.538046955905, 0.0345, -0.12, -0.520718150718, -3.98422874163, -7.68001424774, 14.6469996927
0.0391030567968, -0.111483657192, -0.538046955905, 0.0345, -0.12, -0.520174632523, -4.14275111709, -7.66470852691, 17.7156456267
0.0390835755908, -0.111484119032, -0.537596288663, 0.0345, -0.12, -0.519634152308, -4.06677441393, -7.66290735108, 16.4353616375
0.0390768638465, -0.11148743146, -0.537148278288, 0.0345, -0.12, -0.519096902103, -4.0990422288, -7.65137440302, 16.5139580563
0.039092934915, -0.111500612314, -0.536668861206, 0.0345, -0.12, -0.51856307279, -4.18185462895, -7.60990635502, 16.4584462693
0.0391682236269, -0.111540762761, -0.535708099377, 0.0345, -0.12, -0.518032854036, -4.4272674, -7.49286217381, 14.6160915807
0.0391682236269, -0.111540762761, -0.535708099377, 0.0345, -0.12, -0.517506434225, -4.20140126421, -7.61331351499, 17.9607580685
0.0391978481966, -0.111553154224, -0.534853346695, 0.0345, -0.12, -0.516984000392, -4.31693708595, -7.56498681127, 15.0854551248
0.0391978481966, -0.111553154224, -0.534853346695, 0.0345, -0.12, -0.516465738155, -4.22806337692, -7.60216119875, 18.1036343963
0.0392093201241, -0.111556064242, -0.53443723695, 0.0345, -0.12, -0.515951831651, -4.2728038942, -7.59081212751, 16.930255051
0.0392449429321, -0.111564893347, -0.533611100049, 0.0345, -0.12, -0.515442463466, -4.37731706289, -7.56510867287, 15.4014667743
0.039277894372, -0.111576532047, -0.533186498675, 0.0345, -0.12, -0.514937814579, -4.39895925457, -7.54620505794, 16.663958226
0.039277894372, -0.111576532047, -0.533186498675, 0.0345, -0.12, -0.514438064287, -4.30010493481, -7.58112115785, 18.3728418229
0.0392965301341, -0.111583640213, -0.532795654209, 0.0345, -0.12, -0.513943390151, -4.37278440681, -7.55339931129, 17.278526664
0.0393205973383, -0.111593079313, -0.532395194207, 0.0345, -0.12, -0.513453967925, -4.41073921731, -7.53791131782, 17.3139903253
0.0394067543762, -0.111628465333, -0.531531781037, 0.0345, -0.12, -0.512969971499, -4.67455005222, -7.42822314106, 15.5673783523
0.0394306985116, -0.111639152091, -0.531121221766, 0.0345, -0.12, -0.512491572834, -4.50946106652, -7.49270284223, 16.9702022227
0.0394306985116, -0.111639152091, -0.531121221766, 0.0345, -0.12, -0.512018941903, -4.43762866042, -7.52476311789, 18.6099446695
0.0394057060948, -0.111629097953, -0.530375447691, 0.0345, -0.12, -0.51155224663, -4.34015823494, -7.56397425726, 16.1036445511
0.0394036513116, -0.111626407733, -0.529989261587, 0.0345, -0.12, -0.511091652829, -4.40712183072, -7.54430369826, 17.2310709714
0.0394001518902, -0.111621992945, -0.529631958337, 0.0345, -0.12, -0.510637324147, -4.39963843721, -7.55345071349, 17.3862470665
0.0394031816255, -0.111619083091, -0.529278496628, 0.0345, -0.12, -0.510189422005, -4.42195266866, -7.55155478232, 17.4634884595
0.0394031816255, -0.111619083091, -0.529278496628, 0.0345, -0.12, -0.50974810554, -4.41286346292, -7.54282521836, 18.9013013729
0.0394445477733, -0.111624416226, -0.52855416546, 0.0345, -0.12, -0.50931353155, -4.5741914394, -7.52202599049, 16.4472989837
0.0394445477733, -0.111624416226, -0.52855416546, 0.0345, -0.12, -0.508885854438, -4.45009299596, -7.53802539654, 18.9845112577
0.0394948776797, -0.111637099597, -0.528151773098, 0.0345, -0.12, -0.508465226154, -4.64637963115, -7.48856025127, 17.7726000167
0.0396019780544, -0.111667007558, -0.527336820068, 0.0345, -0.12, -0.508051796146, -4.91308137304, -7.40996931401, 16.1519524645
0.0396427569756, -0.111678986855, -0.526924879639, 0.0345, -0.12, -0.507645711303, -4.75081804166, -7.45297393939, 17.3336847414
0.0396384947248, -0.111676561141, -0.526553970944, 0.0345, -0.12, -0.507247115907, -4.61185849978, -7.4983721161, 17.459229638
0.0396384947248, -0.111676561141, -0.526553970944, 0.0345, -0.12, -0.506856151575, -4.62464525231, -7.49109497335, 18.9009304281
0.0396147077283, -0.111666794845, -0.526197129495, 0.0345, -0.12, -0.506472957215, -4.53187596582, -7.52918352675, 17.8308137823
0.0395935899518, -0.11165054609, -0.525422808714, 0.0345, -0.12, -0.506097668975, -4.52087762729, -7.56325478221, 16.1955281426
0.0395965727423, -0.111645305451, -0.525031926871, 0.0345, -0.12, -0.505730420193, -4.5958638395, -7.53494701357, 17.3004568257
0.0395896470495, -0.111637719851, -0.524685463629, 0.0345, -0.12, -0.50537134135, -4.5599052661, -7.54880893424, 17.4205568557
0.0395896470495, -0.111637719851, -0.524685463629, 0.0345, -0.12, -0.505020560026, -4.58068234453, -7.52605213433, 18.7507572156
0.0395894507413, -0.111624591637, -0.524017813914, 0.0345, -0.12, -0.504678200851, -4.57991674263, -7.57725216874, 16.4297801339
0.0396176020476, -0.111623961099, -0.52365633401, 0.0345, -0.12, -0.504344385464, -4.69029576181, -7.54032662544, 17.2977601399
0.0396176020476, -0.111623961099, -0.52365633401, 0.0345, -0.12, -0.504019232469, -4.60584184285, -7.53843501117, 18.6488503747
0.0396645512067, -0.111622344109, -0.522993571695, 0.0345, -0.12, -0.503702857389, -4.78894356313, -7.54474127263, 16.322481168
0.0396645512067, -0.111622344109, -0.522993571695, 0.0345, -0.12, -0.503395372632, -4.648096086, -7.53989030228, 18.560833426
0.0397091573121, -0.111625796722, -0.522640131988, 0.0345, -0.12, -0.503096887446, -4.82205989738, -7.5264251115, 17.4240565242
0.0397488123832, -0.111628554357, -0.522300469225, 0.0345, -0.12, -0.502807507882, -4.84289635786, -7.52602817171, 17.3928156146
0.039825467279, -0.111633300535, -0.521618152635, 0.0345, -0.12, -0.502527336753, -5.0228852388, -7.51579098663, 15.9752979111
0.0398165072127, -0.111626735152, -0.521333150993, 0.0345, -0.12, -0.502256473604, -4.7579762924, -7.55563451262, 17.1265941703
0.0398165072127, -0.111626735152, -0.521333150993, 0.0345, -0.12, -0.501995014672, -4.78485649143, -7.53593836357, 18.1886994872
0.0396925537471, -0.111592381039, -0.520909829907, 0.0345, -0.12, -0.50174305285, -4.3014379757, -7.6699194035, 16.736021554
0.039636880429, -0.111574676359, -0.520695553046, 0.0345, -0.12, -0.501500677661, -4.45617243176, -7.63590531521, 17.3596828306
0.039636880429, -0.111574676359, -0.520695553046, 0.0345, -0.12, -0.501267975219, -4.62319238611, -7.58279127666, 18.1829273712
0.0396078425809, -0.111562667507, -0.520502728681, 0.0345, -0.12, -0.501045028201, -4.50994477866, -7.62962580076, 17.6022983899
0.0396066372307, -0.111555982725, -0.520313537931, 0.0345, -0.12, -0.500831915821, -4.59235745703, -7.61966989206, 17.6052247925
0.0396843435967, -0.111557799603, -0.519923908508, 0.0345, -0.12, -0.500628713795, -4.89902833476, -7.5925297245, 16.8063930478
0.0396843435967, -0.111557799603, -0.519923908508, 0.0345, -0.12, -0.500435494321, -4.66590923699, -7.59798035735, 18.1192311913
0.039734330726, -0.111563043141, -0.519754768196, 0.0345, -0.12, -0.500252326048, -4.86085904154, -7.57753055811, 17.5942818179
0.039777374173, -0.111568461703, -0.519605226855, 0.0345, -0.12, -0.500079274055, -4.87876709665, -7.57212878364, 17.6438894745
0.0398307460121, -0.11157565553, -0.519451892491, 0.0345, -0.12, -0.499916399827, -4.95778692799, -7.56032854259, 17.610562989
0.039904213683, -0.111584717057, -0.519180807347, 0.0345, -0.12, -0.499763761232, -5.08419532735, -7.54657006613, 17.1200018571
0.0399060591097, -0.111583048127, -0.519073848687, 0.0345, -0.12, -0.499621412503, -4.8709894788, -7.58026347491, 17.6133627754
0.0399060591097, -0.111583048127, -0.519073848687, 0.0345, -0.12, -0.499489404214, -4.86545319869, -7.5752566855, 18.0220248929
0.039846666338, -0.111567742293, -0.518919186622, 0.0345, -0.12, -0.499367783268, -4.63382138941, -7.63494943715, 17.4971396595
0.039846666338, -0.111567742293, -0.518919186622, 0.0345, -0.12, -0.499256592876, -4.81199970424, -7.58903193588, 18.0299055477
0.0398117196305, -0.111554797651, -0.518772135267, 0.0345, -0.12, -0.499155872543, -4.67570754499, -7.63951604297, 17.515643387
0.0398117196305, -0.111554797651, -0.518772135267, 0.0345, -0.12, -0.499065658055, -4.78054766749, -7.60068211444, 18.0064729539
0.0398216447342, -0.111547984003, -0.51861395657, 0.0345, -0.12, -0.498985981465, -4.81925557159, -7.62725533861, 17.4296712719
0.0398429127246, -0.111547327335, -0.518532181852, 0.0345, -0.12, -0.498916871082, -4.8724254233, -7.6093754022, 17.6157866895
0.0398429127246, -0.111547327335, -0.518532181852, 0.0345, -0.12, -0.498858351459, -4.8086214521, -7.60740539815, 17.8820062208
0.0398609440143, -0.111547811476, -0.518464173879, 0.0345, -0.12, -0.49881044339, -4.87894348202, -7.60551724967, 17.6280577296
0.0398970202296, -0.111550368367, -0.518342924158, 0.0345, -0.12, -0.498773163894, -4.96554685275, -7.59699779849, 17.3608735608
0.0399036174716, -0.111550646124, -0.518299229775, 0.0345, -0.12, -0.498746526218, -4.88304745023, -7.60358521565, 17.5462630786
0.0399036174716, -0.111550646124, -0.518299229775, 0.0345, -0.12, -0.498730539826, -4.86325572442, -7.6044184883, 17.6597801302
0.0398760030281, -0.111546006038, -0.518264989159, 0.0345, -0.12, -0.498725210397, -4.75555939477, -7.6225148242, 17.4990673257
