0.0370571086545, -0.11029175333, -0.578445338167, 0.0345, -0.12, -0.568725210397, -4.61417878361, -9.19457754909, 6.64047662003
0.039005217692, -0.110120767643, -0.577418412814, 0.0345, -0.12, -0.568705472812, -9.89902303532, -9.40426618244, 4.8200826985
0.039005217692, -0.110120767643, -0.577418412814, 0.0345, -0.12, -0.568646279535, -4.05469592283, -8.89130912153, 8.07249978405
0.039716476324, -0.110037475848, -0.576840477153, 0.0345, -0.12, -0.568547688982, -6.82860458751, -9.21614711981, 6.02547402921
0.0392880219688, -0.110043754407, -0.576698432365, 0.0345, -0.12, -0.56840979845, -3.02385670635, -8.94178535619, 7.44730775526
0.035752718396, -0.110252906294, -0.577413095044, 0.0345, -0.12, -0.568232744021, 9.47846416212, -8.14492867717, 10.9374672445
0.035752718396, -0.110252906294, -0.577413095044, 0.0345, -0.12, -0.568016700427, -1.12744655638, -8.77238433578, 9.10488593989
0.035653946664, -0.11027006413, -0.576774488133, 0.0345, -0.12, -0.567761880875, -0.742236801571, -8.70546877367, 6.95998445414
0.035653946664, -0.11027006413, -0.576774488133, 0.0345, -0.12, -0.567468536843, -1.03855199758, -8.75694228299, 9.25538825881
0.0390195203271, -0.110064835292, -0.574753613703, 0.0345, -0.12, -0.567136957825, -14.1642892836, -9.55733474998, 1.78710405435
0.0390195203271, -0.110064835292, -0.574753613703, 0.0345, -0.12, -0.566767471049, -4.06756829435, -8.94164823691, 8.29598871425
0.0395854240398, -0.110023361727, -0.5741702894, 0.0345, -0.12, -0.566360441156, -6.27459277413, -9.1033951416, 6.4999801922
0.0382980936267, -0.110109564675, -0.574352452459, 0.0345, -0.12, -0.565916269833, 0.443706975162, -8.64278294718, 9.47156750897
0.0363050733774, -0.110246622399, -0.574788458546, 0.0345, -0.12, -0.565435395425, 4.35449470844, -8.36686667147, 11.1683982924
0.0333081074678, -0.110486536271, -0.575220373179, 0.0345, -0.12, -0.564918292496, 10.0636010078, -7.84237573805, 12.1189253022
0.0333081074678, -0.110486536271, -0.575220373179, 0.0345, -0.12, -0.564365471365, 1.07270327901, -8.5621173559, 11.4278750262
0.0379855808476, -0.110222673308, -0.572521266024, 0.0345, -0.12, -0.563777477599, -17.1694429023, -9.59118291288, 1.53606941228
0.0405330433636, -0.110070444284, -0.570991591208, 0.0345, -0.12, -0.563154891478, -13.0721265753, -9.39328721535, 4.33176367644
0.0405330433636, -0.110070444284, -0.570991591208, 0.0345, -0.12, -0.562498327418, -5.42973902724, -8.93660014423, 9.61362959195
0.0385237406889, -0.110191312405, -0.570732228241, 0.0345, -0.12, -0.561808433368, 2.40654140415, -8.46521447182, 9.3230086293
0.0367722669809, -0.110316263641, -0.570859568204, 0.0345, -0.12, -0.561085890172, 3.20938084104, -8.34050901537, 11.3459597049
0.0367722669809, -0.110316263641, -0.570859568204, 0.0345, -0.12, -0.560331410892, -2.04504028283, -8.71536272294, 11.7387794199
0.0361234275069, -0.110366206304, -0.570554324295, 0.0345, -0.12, -0.559545740108, 0.485433666019, -8.52058633709, 11.3490063922
0.0364008609943, -0.110368611857, -0.569844754867, 0.0345, -0.12, -0.558729653183, -2.54307535735, -8.66103266886, 10.3231440117
0.0383570583769, -0.110354377408, -0.567722956472, 0.0345, -0.12, -0.557883955494, -9.33994468705, -8.72376367964, 5.02679875803
0.0383570583769, -0.110354377408, -0.567722956472, 0.0345, -0.12, -0.557009481645, -3.47135253925, -8.6810603325, 12.2655488923
0.0391157217126, -0.110391802397, -0.565983540628, 0.0345, -0.12, -0.556107094635, -6.43013954847, -8.53510287779, 6.37771489452
0.0389586661854, -0.110445724021, -0.56526443798, 0.0345, -0.12, -0.55517768501, -3.54163298503, -8.43708350838, 9.70899860048
0.0383302745238, -0.110496126421, -0.564758626517, 0.0345, -0.12, -0.554222169987, -1.56207208657, -8.40227902184, 10.8319215571
0.0376570388409, -0.110535208329, -0.564266230372, 0.0345, -0.12, -0.553241492544, -0.82162790819, -8.40106677994, 11.3871079434
0.0372678771025, -0.110556951082, -0.56365318076, 0.0345, -0.12, -0.552236620489, -1.32360417716, -8.43351576665, 11.4503715692
0.0372217305255, -0.110564548045, -0.562894596582, 0.0345, -0.12, -0.551208545512, -2.31111774177, -8.46911587191, 11.3259183637
0.0372217305255, -0.110564548045, -0.562894596582, 0.0345, -0.12, -0.550158282197, -2.44955747293, -8.49190675982, 14.6134728918
0.0374028834026, -0.110566488065, -0.562031614337, 0.0345, -0.12, -0.549086867027, -3.15605369378, -8.48434067918, 12.2755713511
0.037748442788, -0.110579333472, -0.561051858417, 0.0345, -0.12, -0.547995357362, -3.96027666542, -8.44006365372, 12.0861121857
0.038210089871, -0.110615295311, -0.559948507098, 0.0345, -0.12, -0.546884830387, -4.72402213279, -8.33834870254, 11.7788360069
0.0386295908172, -0.110667353988, -0.558817892731, 0.0345, -0.12, -0.54575638206, -4.97513457424, -8.24320538092, 11.7488614842
0.0389660565438, -0.110799944862, -0.556633749306, 0.0345, -0.12, -0.544611126023, -5.0288480691, -7.88227700285, 7.70369878964
0.0389660565438, -0.110799944862, -0.556633749306, 0.0345, -0.12, -0.543450192505, -4.01945088941, -8.28004962432, 15.3480016746
0.0387909839496, -0.110866633968, -0.555629974329, 0.0345, -0.12, -0.542274727207, -3.336667772, -8.0199621102, 12.5347933745
0.0384084601551, -0.110915716878, -0.554712353836, 0.0345, -0.12, -0.541085890172, -2.37004275606, -8.0286060791, 13.0774669225
0.0380065253147, -0.110968545235, -0.553757867453, 0.0345, -0.12, -0.539884854639, -1.95006826196, -7.96982421631, 13.2253589826
0.0376876443018, -0.111010169017, -0.552780894879, 0.0345, -0.12, -0.538672805884, -1.9122368329, -7.96597654166, 13.4025086384
0.0375124304202, -0.111042925293, -0.551773938469, 0.0345, -0.12, -0.537450940053, -2.18554573344, -7.96309840857, 13.5354268361
0.0376468115647, -0.111088600751, -0.549684022969, 0.0345, -0.12, -0.536220462981, -3.23527384158, -7.88323294868, 9.53888870493
0.0376468115647, -0.111088600751, -0.549684022969, 0.0345, -0.12, -0.534982588999, -2.83213040819, -8.02025932403, 16.9449125179
0.0378702765941, -0.111093849065, -0.548672352453, 0.0345, -0.12, -0.53373853974, -3.7036440229, -7.99979089822, 14.1375676724
0.0384236951827, -0.111088923561, -0.54673903437, 0.0345, -0.12, -0.53248954293, -5.19158143038, -8.03474530825, 10.7715784765
0.0384236951827, -0.111088923561, -0.54673903437, 0.0345, -0.12, -0.531236831179, -3.53132566444, -8.0199687951, 17.710118127
0.0386686434388, -0.111098822608, -0.54579906166, 0.0345, -0.12, -0.529981640761, -4.48662386305, -7.98136251355, 15.1813319345
0.0387920185587, -0.111111793343, -0.544933002709, 0.0345, -0.12, -0.528725210397, -4.23294206272, -7.96047378328, 15.7581273156
0.0390111117149, -0.111211101048, -0.54308844117, 0.0345, -0.12, -0.527468780034, -4.71728001181, -7.61208594229, 12.293301493
0.0390290270535, -0.111269212273, -0.542199569188, 0.0345, -0.12, -0.526213589616, -4.12987036391, -7.68337527893, 15.4863369251
0.0390290270535, -0.111269212273, -0.542199569188, 0.0345, -0.12, -0.524960877865, -4.07612434812, -7.85770895407, 19.2729574459
0.038887083453, -0.111343130755, -0.540537543841, 0.0345, -0.12, -0.523711881055, -3.52254430628, -7.56942687693, 13.9040108952
0.038887083453, -0.111343130755, -0.540537543841, 0.0345, -0.12, -0.522467831796, -3.94837510769, -7.79118232089, 19.9948886178
0.0388624568281, -0.111399419931, -0.539631081583, 0.0345, -0.12, -0.521229957814, -3.8523312705, -7.57165453137, 17.5552465643
0.0389683715443, -0.11153102684, -0.537706768458, 0.0345, -0.12, -0.519999480742, -4.33927853872, -7.22725511636, 13.8550507882
0.0389683715443, -0.11153102684, -0.537706768458, 0.0345, -0.12, -0.518777614911, -4.02153438991, -7.6220758436, 20.701835685
0.0391814974323, -0.111642056839, -0.535654080482, 0.0345, -0.12, -0.517565566156, -4.85272535296, -7.1890588477, 13.7577452272
0.039335978747, -0.111703163497, -0.534523550811, 0.0345, -0.12, -0.516364530622, -4.81582481639, -7.28383287987, 16.5546357584
0.0394113788777, -0.111720252846, -0.533459597398, 0.0345, -0.12, -0.515175693588, -4.64644138186, -7.40050439257, 16.8301642953
0.0394113788777, -0.111720252846, -0.533459597398, 0.0345, -0.12, -0.51400022829, -4.42024098989, -7.45177243882, 21.03982809
0.0394652196594, -0.111695327603, -0.531312663365, 0.0345, -0.12, -0.512839294772, -4.63022003852, -7.54898088407, 13.6680301893
0.0394652196594, -0.111695327603, -0.531312663365, 0.0345, -0.12, -0.511694038735, -4.46869769342, -7.47420515695, 21.092530279
0.0395145434724, -0.111686340598, -0.530155907725, 0.0345, -0.12, -0.510565590408, -4.66106056423, -7.50925447878, 17.5463636463
0.0395403887572, -0.111671133173, -0.529036841391, 0.0345, -0.12, -0.509455063433, -4.61388573609, -7.54160241903, 17.5979820823
0.0396045033106, -0.111667903596, -0.527830854193, 0.0345, -0.12, -0.508363553767, -4.78639663959, -7.50857549454, 17.1771377877
0.0397227357923, -0.111668702181, -0.525414026363, 0.0345, -0.12, -0.507292138598, -5.05515965823, -7.49577228079, 12.273461006
0.0397223058224, -0.111658222954, -0.52429138238, 0.0345, -0.12, -0.506241875283, -4.69878533028, -7.53903702312, 16.0274143834
0.039618632425, -0.111623623915, -0.523342057198, 0.0345, -0.12, -0.505213800306, -4.29574899038, -7.64253559544, 16.5516805894
0.039618632425, -0.111623623915, -0.523342057198, 0.0345, -0.12, -0.504208928251, -4.60676918249, -7.53873847692, 20.2344322154
0.0395112976152, -0.111586459494, -0.522450754952, 0.0345, -0.12, -0.503228250808, -4.18816342423, -7.6836797188, 17.5683793211
0.0394547983375, -0.111558229173, -0.521530998901, 0.0345, -0.12, -0.502272735785, -4.2898206709, -7.68228470646, 17.4397137213
0.039561909612, -0.111542939922, -0.51954872604, 0.0345, -0.12, -0.50134332616, -4.8770524743, -7.65722182259, 13.2262701819
0.039561909612, -0.111542939922, -0.51954872604, 0.0345, -0.12, -0.50044093915, -4.55571865083, -7.61135407016, 19.9041692319
0.0397127956562, -0.111544143473, -0.517791064931, 0.0345, -0.12, -0.499566465301, -5.14417422321, -7.60666022261, 13.752577887
0.0398399128592, -0.111549712588, -0.516888297339, 0.0345, -0.12, -0.498720767612, -5.18727318216, -7.58855132557, 16.179567044
0.0398399128592, -0.111549712588, -0.516888297339, 0.0345, -0.12, -0.497904680686, -4.80592157328, -7.60525867095, 19.5335157646
0.0399012977008, -0.111529124865, -0.515385575383, 0.0345, -0.12, -0.497119009902, -5.04532245553, -7.68555079011, 14.2887554178
0.0399012977008, -0.111529124865, -0.515385575383, 0.0345, -0.12, -0.496364530622, -4.86116793072, -7.62378762153, 19.3823781246
0.039918491002, -0.111490527622, -0.514009034787, 0.0345, -0.12, -0.495641987426, -4.92822180537, -7.77431686972, 14.5683504235
0.0399165392612, -0.11146637059, -0.513374343106, 0.0345, -0.12, -0.494952093377, -4.86903011279, -7.75273756466, 16.7456318598
0.0399165392612, -0.11146637059, -0.513374343106, 0.0345, -0.12, -0.494295529317, -4.8748853351, -7.68026646903, 19.14062459
0.0398640563193, -0.111417037077, -0.512293840777, 0.0345, -0.12, -0.493672943196, -4.67020186179, -7.87266716771, 15.3850592031
0.0398931194068, -0.111394205222, -0.511734933037, 0.0345, -0.12, -0.49308494943, -4.94099672862, -7.81371086656, 16.8722433238
0.0399164728892, -0.111376737343, -0.511248041374, 0.0345, -0.12, -0.492532128299, -4.94488604725, -7.81334002772, 17.0421101711
0.0399164728892, -0.111376737343, -0.511248041374, 0.0345, -0.12, -0.49201502537, -4.87482560025, -7.76093639115, 18.8610231897
0.0399468438384, -0.111361653326, -0.510784451636, 0.0345, -0.12, -0.491534150962, -4.99327230237, -7.81976405696, 17.3771246169
0.0400235924564, -0.111347198832, -0.510287464386, 0.0345, -0.12, -0.491089979639, -5.20147906469, -7.8308845323, 17.1192884887
0.0401615336634, -0.111332274344, -0.509733405636, 0.0345, -0.12, -0.490682949746, -5.50920391787, -7.84572655662, 16.7043237339
0.0404396309534, -0.11130113663, -0.508643809076, 0.0345, -0.12, -0.49031346297, -6.17995972802, -7.92239017352, 14.3369821412
0.0404396309534, -0.11130113663, -0.508643809076, 0.0345, -0.12, -0.489981883952, -5.34566785802, -7.82897703281, 17.7904696657
0.0404364502691, -0.111284442006, -0.508223875672, 0.0345, -0.12, -0.48968853992, -5.33326318958, -7.89408606583, 16.3020340619
0.0402954565603, -0.111266721742, -0.507922577596, 0.0345, -0.12, -0.489433720368, -4.79292977792, -7.91311122533, 16.5005359311
0.0401356503751, -0.111245585763, -0.507634710239, 0.0345, -0.12, -0.489217676774, -4.59266678179, -7.94238075022, 16.35985883
0.0398389270074, -0.111201729573, -0.507165051337, 0.0345, -0.12, -0.489040622345, -3.91486420373, -8.05001195582, 15.4341726748
0.0398389270074, -0.111201729573, -0.507165051337, 0.0345, -0.12, -0.488902731813, -4.80503430669, -7.91844338464, 16.8497591659
0.0397947364525, -0.111168085064, -0.506797569691, 0.0345, -0.12, -0.48880414126, -4.63269114228, -8.04965696962, 15.3874123084
0.0397947364525, -0.111168085064, -0.506797569691, 0.0345, -0.12, -0.488744947983, -4.76526280721, -7.94872344272, 16.4249393698
0.039857005332, -0.111153356818, -0.506638755496, 0.0345, -0.12, -0.488725210397, -5.00811143747, -8.00616360205, 15.7049607599
0.0399487131344, -0.111142468079, -0.506525486703, 0.0345, -0.12, -0.488744947983, -5.17896522829, -8.00444494391, 15.6034657121
0.0401254605305, -0.111129132476, -0.506473132874, 0.0345, -0.12, -0.48880414126, -5.59315666565, -8.02378758328, 15.5674511322
0.040134929139, -0.111129991781, -0.506584886248, 0.0345, -0.12, -0.488902731813, -5.09984205048, -7.98042947916, 15.9534274548
0.040134929139, -0.111129991781, -0.506584886248, 0.0345, -0.12, -0.489040622345, -5.07143622508, -7.98300739676, 15.3761659181
0.0400760292333, -0.111136026846, -0.506788574621, 0.0345, -0.12, -0.489217676774, -4.84172659294, -7.95947064612, 15.8937098964
0.0399831323516, -0.111145099095, -0.507075204899, 0.0345, -0.12, -0.489433720368, -4.65612847143, -7.94219406566, 16.0890961269
0.039863224311, -0.111157242261, -0.507450466349, 0.0345, -0.12, -0.48968853992, -4.46717775807, -7.92205246631, 16.347059482
0.0397566850574, -0.111171819827, -0.507883669078, 0.0345, -0.12, -0.489981883952, -4.41139879076, -7.90162945944, 16.5311827034
0.0396971955674, -0.111188471161, -0.508354004923, 0.0345, -0.12, -0.49031346297, -4.49900754071, -7.88042195405, 16.6527582392
0.0397086486714, -0.111206923009, -0.50884464579, 0.0345, -0.12, -0.490682949746, -4.72214311622, -7.85841374733, 16.7089887152
0.0399334048729, -0.111248244917, -0.509872397077, 0.0345, -0.12, -0.491089979639, -5.56433299021, -7.75261384957, 18.7663398743
0.0399334048729, -0.111248244917, -0.509872397077, 0.0345, -0.12, -0.491534150962, -4.89006438562, -7.87657957454, 15.171907536
0.040096559428, -0.111267769549, -0.510379724885, 0.0345, -0.12, -0.49201502537, -5.5263671505, -7.80043350905, 16.607589761
0.0402403884549, -0.111285620299, -0.51090879418, 0.0345, -0.12, -0.492532128299, -5.59783669, -7.78938948259, 16.5748983936
0.0403305420869, -0.111303646028, -0.511529929138, 0.0345, -0.12, -0.49308494943, -5.51794877424, -7.77264138607, 16.8054232179
0.0403449403681, -0.111319640057, -0.512211391795, 0.0345, -0.12, -0.493672943196, -5.30364117498, -7.76434186232, 16.9650104125
0.0401690482222, -0.111347287168, -0.513730216422, 0.0345, -0.12, -0.494295529317, -4.57446696227, -7.70450021739, 20.1799339111
0.0401690482222, -0.111347287168, -0.513730216422, 0.0345, -0.12, -0.494952093377, -5.10214339999, -7.78744154911, 14.9306185601
0.0400780283544, -0.111363577145, -0.514482002783, 0.0345, -0.12, -0.495641987426, -4.74716591541, -7.72391063833, 17.1416907566
0.0399832998319, -0.111406753347, -0.515967555444, 0.0345, -0.12, -0.496364530622, -4.65078428124, -7.60439337927, 19.9317507346
0.0399832998319, -0.111406753347, -0.515967555444, 0.0345, -0.12, -0.497119009902, -4.9349698487, -7.73392198729, 14.7002531476
0.0399999370455, -0.111456843843, -0.517434300123, 0.0345, -0.12, -0.497904680686, -4.99985498186, -7.53856905626, 19.6198791759
0.0399999370455, -0.111456843843, -0.517434300123, 0.0345, -0.12, -0.498720767612, -4.94994334096, -7.68884054167, 14.3939184819
0.0399700173651, -0.111478776887, -0.518270983858, 0.0345, -0.12, -0.499566465301, -4.83325658753, -7.60330166824, 16.8070248444
0.0399301481859, -0.111496448152, -0.519122236615, 0.0345, -0.12, -0.50044093915, -4.76752582937, -7.6001828694, 16.7435044394
0.03984922634, -0.111507538763, -0.520060876797, 0.0345, -0.12, -0.50134332616, -4.57153816827, -7.60994328031, 16.954555088
0.0397617055684, -0.111513357176, -0.52103476931, 0.0345, -0.12, -0.502272735785, -4.47297269697, -7.62052330331, 17.0192788415
0.0396083873521, -0.111514419402, -0.523066305884, 0.0345, -0.12, -0.503228250808, -4.13759396783, -7.6338358593, 21.0823142216
0.0396083873521, -0.111514419402, -0.523066305884, 0.0345, -0.12, -0.504208928251, -4.59754861687, -7.63702253823, 14.0296075382
0.0396087096696, -0.111523220995, -0.524048666139, 0.0345, -0.12, -0.505213800306, -4.59880565528, -7.60269632356, 16.88384385
0.0396666923028, -0.111541427396, -0.525000561141, 0.0345, -0.12, -0.506241875283, -4.82397097197, -7.5580961429, 16.6542773466
0.0397151699759, -0.111558080674, -0.527106748642, 0.0345, -0.12, -0.507292138598, -4.83908599752, -7.54776755761, 21.0009215982
0.0397151699759, -0.111558080674, -0.527106748642, 0.0345, -0.12, -0.508363553767, -4.69365297827, -7.59772739314, 13.65462988
0.0397309989083, -0.111566265762, -0.528135924567, 0.0345, -0.12, -0.509455063433, -4.75538581487, -7.56580555085, 16.6257737953
0.0397509320361, -0.111580386593, -0.529107389123, 0.0345, -0.12, -0.510565590408, -4.78563821575, -7.53528957406, 16.2704315877
0.03964448174, -0.111569183899, -0.531249580406, 0.0345, -0.12, -0.511694038735, -4.31068267759, -7.62134257158, 20.6412163747
0.0395490180379, -0.111550905808, -0.532334246386, 0.0345, -0.12, -0.512839294772, -4.25772512799, -7.65901904495, 17.3636862801
0.0395490180379, -0.111550905808, -0.532334246386, 0.0345, -0.12, -0.51400022829, -4.54411623412, -7.60418477245, 13.0178157324
0.0394268573201, -0.111537503883, -0.53437198421, 0.0345, -0.12, -0.515175693588, -4.0676894347, -7.6564522797, 19.8634791387
0.0393352288984, -0.111518064894, -0.535451834906, 0.0345, -0.12, -0.516364530622, -4.07682074348, -7.69205856557, 16.8516148404
0.0393352288984, -0.111518064894, -0.535451834906, 0.0345, -0.12, -0.517565566156, -4.35170600857, -7.63374159582, 12.4945352751
0.0393098300649, -0.111516944538, -0.536422937189, 0.0345, -0.12, -0.518777614911, -4.25265055786, -7.63811098404, 15.1579506316
0.0391862323034, -0.111473934153, -0.538525285986, 0.0345, -0.12, -0.519999480742, -3.84681578858, -7.80249041705, 19.3146736185
0.0391862323034, -0.111473934153, -0.538525285986, 0.0345, -0.12, -0.521229957814, -4.21760907306, -7.67345926253, 11.8743641371
0.0390958229471, -0.111432642833, -0.539620509559, 0.0345, -0.12, -0.522467831796, -3.86501258331, -7.8344954099, 15.0094587619
0.0390168296413, -0.111391601922, -0.540700219925, 0.0345, -0.12, -0.523711881055, -3.82816676002, -7.87068100351, 14.7964883044
0.0387847471964, -0.111263603502, -0.543029967101, 0.0345, -0.12, -0.524960877865, -3.16002514193, -8.2467521075, 19.5044314102
0.0387847471964, -0.111263603502, -0.543029967101, 0.0345, -0.12, -0.526213589616, -3.85627247675, -7.86275684814, 11.3766044814
0.0386371683673, -0.111152604284, -0.545318307677, 0.0345, -0.12, -0.527468780034, -3.28071504335, -8.29565379723, 19.1640253534
0.0386371683673, -0.111152604284, -0.545318307677, 0.0345, -0.12, -0.528725210397, -3.72345153058, -7.96265614409, 11.1644964624
0.0386011008827, -0.111091567453, -0.547539489656, 0.0345, -0.12, -0.529981640761, -3.58278834064, -8.20069978595, 18.6963188539
0.0386011008827, -0.111091567453, -0.547539489656, 0.0345, -0.12, -0.531236831179, -3.69099079444, -8.01758929221, 10.9068213757
0.0385888349498, -0.111064634145, -0.54865860092, 0.0345, -0.12, -0.53248954293, -3.643153656, -8.1226291929, 14.1513507263
0.038614360246, -0.111056872693, -0.549696797141, 0.0345, -0.12, -0.53373853974, -3.77950011023, -8.07209893132, 13.7300298944
0.0386103473211, -0.111036852751, -0.550772624491, 0.0345, -0.12, -0.534982588999, -3.68727381398, -8.12689235007, 13.7063662146
0.0386007637111, -0.111014969592, -0.551819685546, 0.0345, -0.12, -0.536220462981, -3.66193650997, -8.15217684423, 13.4668615275
0.0385156197048, -0.110955335166, -0.553834170122, 0.0345, -0.12, -0.537450940053, -3.35862571559, -8.31910163024, 17.0969295742
0.0385352420103, -0.110933687333, -0.554718861463, 0.0345, -0.12, -0.538672805884, -3.6905847256, -8.22462489983, 13.4299265499
0.0385352420103, -0.110933687333, -0.554718861463, 0.0345, -0.12, -0.539884854639, -3.63171780924, -8.15968140058, 9.71445987624
0.0386297052485, -0.110933395396, -0.555469816201, 0.0345, -0.12, -0.541085890172, -4.00012443821, -8.16081995402, 11.5952910408
0.0386945446784, -0.110924702586, -0.556221409769, 0.0345, -0.12, -0.542274727207, -3.96960850056, -8.19384610394, 11.2402839038
0.0385644697954, -0.110840022706, -0.557866196983, 0.0345, -0.12, -0.543450192505, -3.26779816653, -8.49801920393, 14.3823697795
0.0384269514675, -0.110784187143, -0.558670737971, 0.0345, -0.12, -0.544611126023, -3.12170133709, -8.46173826092, 11.584473163
0.0384269514675, -0.110784187143, -0.558670737971, 0.0345, -0.12, -0.54575638206, -3.53425632073, -8.29423157155, 8.18715220794
0.0383498099483, -0.11074512706, -0.559392969756, 0.0345, -0.12, -0.546884830387, -3.23340439611, -8.44656589602, 10.0386758069
0.0382280614126, -0.110695803829, -0.560155616746, 0.0345, -0.12, -0.547995357362, -2.99000966397, -8.52174624633, 9.90059349355
0.0377616852254, -0.110544289676, -0.561875863471, 0.0345, -0.12, -0.549086867027, -1.53638814138, -8.96468174876, 13.3963079748
0.0376404879447, -0.11048025477, -0.56267450415, 0.0345, -0.12, -0.550158282197, -2.46284730816, -8.75987542657, 10.4462762896
0.0376404879447, -0.11048025477, -0.56267450415, 0.0345, -0.12, -0.551208545512, -2.82643915024, -8.56777070715, 7.16857283014
0.0377743618944, -0.110454769852, -0.563317341757, 0.0345, -0.12, -0.552236620489, -3.3485475541, -8.66716188482, 8.81693702866
0.0379699295449, -0.110438272958, -0.563948691574, 0.0345, -0.12, -0.553241492544, -3.70963954174, -8.65504501943, 8.51591241483
0.0380849891212, -0.110412346981, -0.564663907645, 0.0345, -0.12, -0.554222169987, -3.57166893805, -8.70666565012, 8.60117977404
0.0380764671155, -0.110386948452, -0.565444339812, 0.0345, -0.12, -0.55517768501, -3.19325438671, -8.72794197902, 8.71474075264
0.037602058224, -0.110342267807, -0.567213719704, 0.0345, -0.12, -0.556107094635, -1.36862572707, -8.82600091052, 12.5158733647
0.037602058224, -0.110342267807, -0.567213719704, 0.0345, -0.12, -0.557009481645, -2.79185240157, -8.691958974, 6.47665322193
0.0373111274506, -0.110325368136, -0.568101918897, 0.0345, -0.12, -0.557883955494, -1.65722238559, -8.7578676907, 9.23734309587
0.0369549715235, -0.110278452722, -0.569774894463, 0.0345, -0.12, -0.558729653183, -1.14100658974, -8.89013878957, 12.4225507833
0.0369549715235, -0.110278452722, -0.569774894463, 0.0345, -0.12, -0.559545740108, -2.20947437115, -8.74939254979, 6.75797814147
0.0370810013984, -0.110243812589, -0.570467246176, 0.0345, -0.12, -0.560331410892, -2.70099088322, -8.88448906922, 8.84229454143
0.0379336836393, -0.110170091533, -0.571561176907, 0.0345, -0.12, -0.561085890172, -5.64836199801, -9.0680807894, 10.4461124134
0.038160051629, -0.110167245534, -0.572152497948, 0.0345, -0.12, -0.561808433368, -3.97315043518, -8.85801701425, 8.91599165707
0.038160051629, -0.110167245534, -0.572152497948, 0.0345, -0.12, -0.562498327418, -3.29404646608, -8.84947901895, 6.6190713299
0.0376477283438, -0.110287444444, -0.573574859046, 0.0345, -0.12, -0.563154891478, -1.2959856539, -8.38070327325, 11.6753619257
0.0373168771158, -0.110347174739, -0.574286741996, 0.0345, -0.12, -0.563777477599, -1.54263572018, -8.50835184791, 9.72622844272
0.0373168771158, -0.110347174739, -0.574286741996, 0.0345, -0.12, -0.564365471365, -2.53518940421, -8.68754273468, 7.16516227061
0.0374614591011, -0.110370917853, -0.574738341585, 0.0345, -0.12, -0.564918292496, -3.09905914704, -8.5949445917, 8.53437955177
0.0378007577113, -0.110370322254, -0.575096341096, 0.0345, -0.12, -0.565435395425, -3.98857777077, -8.66849676765, 8.21754085142
0.0380901409615, -0.110357771303, -0.575476159928, 0.0345, -0.12, -0.565916269833, -4.09927661601, -8.71565868037, 8.30073435612
0.0381846421575, -0.110345603134, -0.575910530898, 0.0345, -0.12, -0.566360441156, -3.59968152959, -8.72546168564, 8.56567971016
0.0379255913758, -0.110348617566, -0.576460625277, 0.0345, -0.12, -0.566767471049, -2.30587989315, -8.67720089387, 9.15303226288
0.0366329341087, -0.110397706586, -0.577764177081, 0.0345, -0.12, -0.567136957825, 1.95833110348, -8.49479701298, 12.3666924164
0.0364809023218, -0.110402178101, -0.578155851512, 0.0345, -0.12, -0.567468536843, -1.326716729, -8.62462516474, 9.79886944278
0.0364809023218, -0.110402178101, -0.578155851512, 0.0345, -0.12, -0.567761880875, -1.78281208963, -8.63803970913, 8.47454147644
0.0391447288369, -0.110269204201, -0.577605204919, 0.0345, -0.12, -0.568016700427, -12.1717354984, -9.15663791764, 6.21325560874
0.0391447288369, -0.110269204201, -0.577605204919, 0.0345, -0.12, -0.568232744021, -4.1802559532, -8.75771621878, 7.78708402413
0.0394595003046, -0.11026341596, -0.577671916125, 0.0345, -0.12, -0.56840979845, -5.40786467733, -8.78029035814, 8.00487623839
0.0377806686938, -0.110396243139, -0.578493569119, 0.0345, -0.12, -0.568547688982, 2.08389300784, -8.24489963913, 11.0025795116
0.032869036443, -0.110716387946, -0.580514460556, 0.0345, -0.12, -0.568646279535, 16.2027639537, -7.39481642858, 16.4482655724
0.032869036443, -0.110716387946, -0.580514460556, 0.0345, -0.12, -0.568705472812, 1.46786720126, -8.35525084878, 10.4505091373
0.0372275615206, -0.110470532339, -0.578910699062, 0.0345, -0.12, -0.568725210397, -15.530380601, -9.31408771512, 4.29644256071
0.0372275615206, -0.110470532339, -0.578910699062, 0.0345, -0.12, -0.568705472812, -2.4548053685, -8.57652089486, 9.24391638145
0.0411244434394, -0.110327758019, -0.577559654783, 0.0345, -0.12, -0.568646279535, -17.6526448521, -9.13334074403, 4.14648471711
0.0407702305395, -0.110371988943, -0.577693409874, 0.0345, -0.12, -0.568547688982, -4.58056878592, -8.53251717806, 8.92818573595
0.0377839242168, -0.11057785681, -0.578833353709, 0.0345, -0.12, -0.56840979845, 6.0033871732, -7.86232526943, 13.214702831
0.0352162220142, -0.110737903517, -0.579715600172, 0.0345, -0.12, -0.568232744021, 7.05850679481, -7.85574671532, 13.5124732125
0.0358953728165, -0.110673789921, -0.57926575737, 0.0345, -0.12, -0.568016700427, -3.29328794173, -8.58592985779, 9.42275362825
0.0358953728165, -0.110673789921, -0.57926575737, 0.0345, -0.12, -0.567761880875, -1.25583553487, -8.39358907096, 11.1179475006
0.0419874882896, -0.110264439962, -0.576390229005, 0.0345, -0.12, -0.567468536843, -25.01508588, -9.99005391287, 0.282969946948
0.0419874882896, -0.110264439962, -0.576390229005, 0.0345, -0.12, -0.567136957825, -6.73873946067, -8.76200403448, 9.32268111656
0.042358909227, -0.110206660729, -0.575873934251, 0.0345, -0.12, -0.566767471049, -8.18728111625, -8.98734304059, 7.75539294521
0.0392090861938, -0.110388633156, -0.576724557203, 0.0345, -0.12, -0.566360441156, 5.21129152519, -8.10431287815, 13.1006629783
0.0345002879994, -0.11065927157, -0.578068120917, 0.0345, -0.12, -0.565916269833, 14.1261353835, -7.59474034708, 16.2998710883
0.0312936293896, -0.11077024593, -0.577918664452, 0.0345, -0.12, -0.565435395425, 12.5057093787, -7.97385558097, 12.2291959515
0.0346313488602, -0.110633588606, -0.576251311459, 0.0345, -0.12, -0.564918292496, -10.1313723861, -8.83974222609, 6.74896687328
0.0346313488602, -0.110633588606, -0.576251311459, 0.0345, -0.12, -0.564365471365, -0.118213974225, -8.42977025425, 12.3557194776
0.0377271304741, -0.110583845722, -0.57491327182, 0.0345, -0.12, -0.563777477599, -12.1917622682, -8.62376750398, 7.77207718148
0.0421073136431, -0.11059273649, -0.572670508224, 0.0345, -0.12, -0.563154891478, -19.9871317857, -8.439864855, 3.70352264906
0.0418728058236, -0.11068477056, -0.572333141877, 0.0345, -0.12, -0.562498327418, -5.93200178276, -8.10760428394, 9.80892615135
0.0396330411935, -0.110841930808, -0.572746882274, 0.0345, -0.12, -0.561808433368, 2.09955681626, -7.77078152928, 13.155507352
0.0375623570699, -0.110940436752, -0.573008915758, 0.0345, -0.12, -0.561085890172, 3.45593100761, -7.85808909131, 13.6844530662
0.0375623570699, -0.110940436752, -0.573008915758, 0.0345, -0.12, -0.560331410892, -2.75612136295, -8.15360692308, 13.6731922184
0.037000403263, -0.110910932956, -0.572579950172, 0.0345, -0.12, -0.559545740108, -0.564501515709, -8.26867172692, 12.8009046535
0.037405833099, -0.110805684316, -0.57165414037, 0.0345, -0.12, -0.558729653183, -3.83153929716, -8.59063003762, 11.3028698408
0.0393943447982, -0.110529382606, -0.569004535793, 0.0345, -0.12, -0.557883955494, -10.3704454158, -9.35246078393, 4.59680160038
0.0393943447982, -0.110529382606, -0.569004535793, 0.0345, -0.12, -0.557009481645, -4.40491031834, -8.52355565466, 13.4189702811
0.0399292474724, -0.11042310674, -0.567740155952, 0.0345, -0.12, -0.556107094635, -6.49103074779, -8.9380315331, 9.38377669333
0.0397709805017, -0.110372127206, -0.566680148732, 0.0345, -0.12, -0.55517768501, -4.26908153964, -8.81802411422, 9.96042456377
0.0383088659126, -0.11038747875, -0.564762013113, 0.0345, -0.12, -0.554222169987, 0.958364446233, -8.60521449519, 6.59799702304
0.0374257458105, -0.110417455841, -0.56388411577, 0.0345, -0.12, -0.553241492544, 0.0161890766753, -8.53435846846, 9.88670120881
0.0374257458105, -0.110417455841, -0.56388411577, 0.0345, -0.12, -0.552236620489, -2.63317122946, -8.62428974292, 13.4973619163
0.0367395036534, -0.110422406485, -0.561924891374, 0.0345, -0.12, -0.551208545512, 0.0431731833494, -8.60498223107, 6.85126301919
0.0367395036534, -0.110422406485, -0.561924891374, 0.0345, -0.12, -0.550158282197, -2.01555328804, -8.61983416326, 13.7407382042
0.0366763619317, -0.110459054079, -0.560766359269, 0.0345, -0.12, -0.549086867027, -1.76930057345, -8.47690854856, 10.2501922121
0.0368039145546, -0.110515711253, -0.559533432522, 0.0345, -0.12, -0.547995357362, -2.456180968, -8.36588834996, 9.96001640085
0.0374143163085, -0.110675273915, -0.556967331657, 0.0345, -0.12, -0.546884830387, -4.45408993926, -7.91356548901, 4.7075294717
0.0375963899826, -0.11072020931, -0.55587752705, 0.0345, -0.12, -0.54575638206, -3.33297200657, -8.21700543517, 9.22496164832
0.0375437951624, -0.110710949788, -0.555025299746, 0.0345, -0.12, -0.544611126023, -2.58163118573, -8.38792375886, 10.2518425523
0.0375437951624, -0.110710949788, -0.555025299746, 0.0345, -0.12, -0.543450192505, -2.73941564619, -8.36014519096, 13.9003970711
0.0374415658717, -0.110687243603, -0.554279359563, 0.0345, -0.12, -0.542274727207, -2.3407214122, -8.45259931179, 12.0927444634
0.0374056651505, -0.110674967964, -0.553552126754, 0.0345, -0.12, -0.541085890172, -2.50739647181, -8.42935574781, 12.6044256011
0.0377105383295, -0.110734100132, -0.552003462666, 0.0345, -0.12, -0.539884854639, -3.80410403385, -8.16191337766, 9.86386156082
0.0377105383295, -0.110734100132, -0.552003462666, 0.0345, -0.12, -0.538672805884, -2.88948449659, -8.33930988103, 15.6337373688
0.0379248483844, -0.110790206582, -0.551282465144, 0.0345, -0.12, -0.537450940053, -3.7252937104, -8.12049472485, 13.9509775067
0.0383947351324, -0.110943798938, -0.549874284875, 0.0345, -0.12, -0.536220462981, -4.91492186332, -7.68980388742, 11.7553301152
0.0383947351324, -0.110943798938, -0.549874284875, 0.0345, -0.12, -0.534982588999, -3.50526161918, -8.15058095537, 17.1161482337
0.0387473349927, -0.111106365164, -0.548459364109, 0.0345, -0.12, -0.53373853974, -4.88040107434, -7.51657267577, 12.7361274111
0.0387473349927, -0.111106365164, -0.548459364109, 0.0345, -0.12, -0.53248954293, -3.82260149344, -8.00427135239, 18.1198294903
0.0388700058027, -0.111182366715, -0.547716905279, 0.0345, -0.12, -0.531236831179, -4.30101765244, -7.70786530224, 16.362825455
0.0389134593656, -0.111234416613, -0.546976821341, 0.0345, -0.12, -0.529981640761, -4.10247411756, -7.73287535419, 16.8409819634
0.0390247417605, -0.111366677029, -0.545240561548, 0.0345, -0.12, -0.528725210397, -4.40611476927, -7.37320942565, 13.424327745
0.0390487428567, -0.11141763757, -0.544312539117, 0.0345, -0.12, -0.527468780034, -4.16587185949, -7.57124456519, 16.1446069717
0.0390487428567, -0.11141763757, -0.544312539117, 0.0345, -0.12, -0.526213589616, -4.093868571, -7.72412618708, 20.0546258049
0.0390212492579, -0.111431243511, -0.543401914364, 0.0345, -0.12, -0.524960877865, -3.98664353583, -7.67106301734, 17.6231938436
0.0390266692209, -0.111473922574, -0.541307236562, 0.0345, -0.12, -0.523711881055, -4.09026218797, -7.5454324939, 13.2987769821
0.039054625408, -0.111502504499, -0.540174862151, 0.0345, -0.12, -0.522467831796, -4.18303142853, -7.56200017444, 16.2713518614
0.0390530477619, -0.111508055815, -0.539089068503, 0.0345, -0.12, -0.521229957814, -4.09301004732, -7.62609581856, 16.5294406208
0.0390479394871, -0.111505834909, -0.53799449276, 0.0345, -0.12, -0.519999480742, -4.07782071384, -7.65141129988, 16.6032148055
0.0390522364275, -0.111503728736, -0.536888616901, 0.0345, -0.12, -0.518777614911, -4.10990360593, -7.6529626578, 16.6478717068
0.0390706561043, -0.111506177613, -0.535775675119, 0.0345, -0.12, -0.517565566156, -4.16884952434, -7.6370935176, 16.6864189846
0.0391032464178, -0.111514760255, -0.53466032401, 0.0345, -0.12, -0.516364530622, -4.24069271649, -7.61096784369, 16.7232673226
0.0391479646368, -0.111528773152, -0.533545621092, 0.0345, -0.12, -0.515175693588, -4.31732283007, -7.58206547072, 16.7553371056
0.0391479646368, -0.111528773152, -0.533545621092, 0.0345, -0.12, -0.51400022829, -4.1831681731, -7.62410416281, 21.1172494147
0.0391999926642, -0.111545666001, -0.532435270585, 0.0345, -0.12, -0.512839294772, -4.38607748009, -7.55822205298, 17.7881272653
0.0394448159699, -0.11163412232, -0.529996285052, 0.0345, -0.12, -0.511694038735, -5.18480428988, -7.26392095668, 12.5908331988
0.0395561042821, -0.111675406162, -0.528781053085, 0.0345, -0.12, -0.510565590408, -4.88435879061, -7.36828292613, 16.1335654862
0.0395561042821, -0.111675406162, -0.528781053085, 0.0345, -0.12, -0.509455063433, -4.5504938539, -7.49213445396, 20.7249716095
0.0395186282662, -0.111656703973, -0.526647757377, 0.0345, -0.12, -0.508363553767, -4.40433739199, -7.56507299276, 13.3304251256
0.0395314498078, -0.111651399134, -0.525519060595, 0.0345, -0.12, -0.507292138598, -4.56676945163, -7.52965529442, 16.2323849565
0.0395204353281, -0.111635022998, -0.524491687914, 0.0345, -0.12, -0.506241875283, -4.48534835626, -7.57760771151, 16.4935032708
0.0395204353281, -0.111635022998, -0.524491687914, 0.0345, -0.12, -0.505213800306, -4.51839179529, -7.52847930193, 20.4343237805
0.0395018665808, -0.111613045188, -0.523517072707, 0.0345, -0.12, -0.504208928251, -4.44597368074, -7.61419275968, 17.468100552
0.0395142933324, -0.111595203213, -0.522531758059, 0.0345, -0.12, -0.503228250808, -4.55014425412, -7.61784303529, 17.3592449119
0.039706194906, -0.11159064273, -0.520422426009, 0.0345, -0.12, -0.502272735785, -5.26128013596, -7.58210298937, 12.8732701237
0.039706194906, -0.11159064273, -0.520422426009, 0.0345, -0.12, -0.50134332616, -4.68557541536, -7.56842154265, 19.9594187368
0.0397778705049, -0.111587395604, -0.519460663087, 0.0345, -0.12, -0.50044093915, -4.96511025119, -7.58108533579, 16.9396238082
0.039770074911, -0.111572886477, -0.518618306436, 0.0345, -0.12, -0.499566465301, -4.71968063841, -7.62792955051, 17.2430086173
0.0397898082324, -0.111560378659, -0.517741951385, 0.0345, -0.12, -0.498720767612, -4.82002737318, -7.63318266165, 17.0270933062
0.0398299231806, -0.111530645622, -0.516064477361, 0.0345, -0.12, -0.497904680686, -4.9172757071, -7.71161805193, 13.7596557144
0.0398299231806, -0.111530645622, -0.516064477361, 0.0345, -0.12, -0.497119009902, -4.79693086252, -7.62241894036, 19.407933065
0.0398505382615, -0.111492703869, -0.514558190778, 0.0345, -0.12, -0.496364530622, -4.87732967797, -7.77039177752, 14.1188722284
0.03987573652, -0.111471802792, -0.513835119429, 0.0345, -0.12, -0.495641987426, -4.91375764347, -7.73808071688, 16.3722343426
0.03987573652, -0.111471802792, -0.513835119429, 0.0345, -0.12, -0.494952093377, -4.83816286797, -7.6753774871, 19.0644055934
0.0398276301954, -0.111425685086, -0.512662100677, 0.0345, -0.12, -0.494295529317, -4.65054820209, -7.85523654095, 14.9805501501
0.0398522495005, -0.111403210812, -0.512066435653, 0.0345, -0.12, -0.493672943196, -4.89088246578, -7.80453308946, 16.6349065039
0.0398522495005, -0.111403210812, -0.512066435653, 0.0345, -0.12, -0.49308494943, -4.81702455044, -7.7371102688, 18.8473188981
0.0398586791329, -0.111385232393, -0.511576276283, 0.0345, -0.12, -0.492532128299, -4.84210011687, -7.80722610369, 17.3277184694
0.0398953599189, -0.11136876628, -0.511086782615, 0.0345, -0.12, -0.49201502537, -4.96586628487, -7.8175086873, 17.2474093022
0.0399993693216, -0.111352555182, -0.510541085098, 0.0345, -0.12, -0.491534150962, -5.26146059747, -7.83133363168, 16.9117713954
0.0402783808784, -0.111323134299, -0.50944714887, 0.0345, -0.12, -0.491089979639, -6.03757746099, -7.89744178074, 14.5721575903
0.0402783808784, -0.111323134299, -0.50944714887, 0.0345, -0.12, -0.490682949746, -5.20054279054, -7.8091791313, 18.1088688924
0.0403303675332, -0.111308601011, -0.50899144326, 0.0345, -0.12, -0.49031346297, -5.40329074441, -7.86585895157, 16.5515257558
0.0402845310171, -0.111292997852, -0.508620089793, 0.0345, -0.12, -0.489981883952, -5.06856836701, -7.88311141169, 16.6550619109
0.0402396686356, -0.111274173427, -0.50823781463, 0.0345, -0.12, -0.48968853992, -5.03111462748, -7.90971718969, 16.4275538471
0.040171774, -0.111254042794, -0.507892418141, 0.0345, -0.12, -0.489433720368, -4.90091269314, -7.93175338611, 16.341097184
0.0401045206523, -0.111233326807, -0.507578278775, 0.0345, -0.12, -0.489217676774, -4.84230854392, -7.9521538342, 16.2302544871
0.0400430829072, -0.111213157589, -0.507300813513, 0.0345, -0.12, -0.489040622345, -4.80446138126, -7.968665825, 16.1329395529
0.0399978445707, -0.111194545518, -0.507060840796, 0.0345, -0.12, -0.488902731813, -4.8123451042, -7.98074524756, 16.0360515271
0.0399721174392, -0.111178195163, -0.506861095624, 0.0345, -0.12, -0.48880414126, -4.8477243007, -7.98867541544, 15.9477950715
0.039971898441, -0.111154956616, -0.506603345564, 0.0345, -0.12, -0.488744947983, -4.92405160243, -8.03025468705, 15.4768874757
0.039971898441, -0.111154956616, -0.506603345564, 0.0345, -0.12, -0.488725210397, -4.92470859692, -7.96053904545, 16.1495344063
0.0399837436317, -0.111148021894, -0.506590189896, 0.0345, -0.12, -0.488744947983, -4.97090484074, -7.98758446144, 15.9620379604
0.039986664695, -0.11114858326, -0.506671590273, 0.0345, -0.12, -0.48880414126, -4.94676141513, -7.96459096665, 16.1473254089
0.0399860819682, -0.11115195573, -0.506809457271, 0.0345, -0.12, -0.488902731813, -4.93572559123, -7.95312243503, 16.2338822494
0.0399897460905, -0.111156836329, -0.506994500847, 0.0345, -0.12, -0.489040622345, -4.95176384806, -7.94420550481, 16.2999497847
0.0400004598864, -0.111162792576, -0.507222251774, 0.0345, -0.12, -0.489217676774, -4.98255528541, -7.93561794187, 16.3562069927
0.040016873607, -0.111169740761, -0.507490697658, 0.0345, -0.12, -0.489433720368, -5.01442740816, -7.92638876041, 16.40848643
0.040016873607, -0.111169740761, -0.507490697658, 0.0345, -0.12, -0.48968853992, -4.96518624628, -7.94723331519, 15.2574833095
0.0400365636527, -0.111187614302, -0.508179434538, 0.0345, -0.12, -0.489981883952, -5.04197742465, -7.87752650479, 17.56397407
0.0400178377744, -0.111199600561, -0.508634229883, 0.0345, -0.12, -0.49031346297, -4.90987636191, -7.88440071647, 16.858339204
0.0400178377744, -0.111199600561, -0.508634229883, 0.0345, -0.12, -0.490682949746, -4.96605399693, -7.9203594947, 15.0476917982
0.0400285300711, -0.111212285774, -0.509083215161, 0.0345, -0.12, -0.491089979639, -5.0077539541, -7.87088716395, 16.319778122
0.0399935916312, -0.111244037188, -0.510205148264, 0.0345, -0.12, -0.491534150962, -4.83941714826, -7.78511229001, 18.8371829113
0.0399935916312, -0.111244037188, -0.510205148264, 0.0345, -0.12, -0.49201502537, -4.94423246804, -7.88036653077, 14.9284873798
0.0400109564853, -0.111282264419, -0.511417343199, 0.0345, -0.12, -0.492532128299, -5.01195539933, -7.73128032809, 19.0819694297
0.0400339512874, -0.11130375193, -0.51206322846, 0.0345, -0.12, -0.49308494943, -5.04954056505, -7.7621607314, 17.3596435183
0.0400339512874, -0.11130375193, -0.51206322846, 0.0345, -0.12, -0.493672943196, -4.9805561587, -7.82662326298, 14.7872754409
0.040097747287, -0.111325040715, -0.512660794883, 0.0345, -0.12, -0.494295529317, -5.2293605571, -7.74359699972, 16.4536799117
0.0401382481774, -0.111346553119, -0.513315093603, 0.0345, -0.12, -0.494952093377, -5.19592603065, -7.72356498168, 16.5199041822
0.0400593567268, -0.111385097538, -0.514889508959, 0.0345, -0.12, -0.495641987426, -4.76674670238, -7.63777895882, 19.9763333024
0.0400593567268, -0.111385097538, -0.514889508959, 0.0345, -0.12, -0.496364530622, -5.00342105412, -7.75341221569, 14.5048509153
0.0400066569165, -0.111402574016, -0.515696533058, 0.0345, -0.12, -0.497119009902, -4.79789179379, -7.68525395052, 16.8774052964
0.0399849018549, -0.111420876386, -0.516482195312, 0.0345, -0.12, -0.497904680686, -4.87114648466, -7.66630414561, 16.7197375734
0.0398611046916, -0.111451900127, -0.518276623123, 0.0345, -0.12, -0.498720767612, -4.45360273246, -7.60021865964, 20.5352926134
0.0398611046916, -0.111451900127, -0.518276623123, 0.0345, -0.12, -0.499566465301, -4.82499422241, -7.69328988533, 14.3020489748
0.039837409393, -0.111488470627, -0.520064583944, 0.0345, -0.12, -0.50044093915, -4.73258255809, -7.55066493693, 20.4017412303
0.039837409393, -0.111488470627, -0.520064583944, 0.0345, -0.12, -0.50134332616, -4.80366845372, -7.6603764357, 14.1419709743
0.0398409089297, -0.111507408953, -0.520981999298, 0.0345, -0.12, -0.502272735785, -4.81731664675, -7.58651696616, 16.8023543502
0.0398666070903, -0.111527555565, -0.5218765482, 0.0345, -0.12, -0.503228250808, -4.90704086293, -7.56476015245, 16.6005692909
0.0398482674737, -0.111539729416, -0.522867273388, 0.0345, -0.12, -0.504208928251, -4.75842187678, -7.57772197251, 16.8226538545
0.0398086346024, -0.11154555622, -0.523893795733, 0.0345, -0.12, -0.505213800306, -4.65887252801, -7.59151899247, 16.8769467563
0.0397466122904, -0.111544726071, -0.524954358254, 0.0345, -0.12, -0.506241875283, -4.5358841253, -7.61223698017, 16.9386973053
0.0396742147965, -0.111539080158, -0.526038995551, 0.0345, -0.12, -0.507292138598, -4.43960083536, -7.63176559868, 16.9752932026
0.0396011111661, -0.11153083817, -0.527141202075, 0.0345, -0.12, -0.508363553767, -4.37168915832, -7.64697160974, 16.9922575436
0.0394977315492, -0.111520192375, -0.529372140309, 0.0345, -0.12, -0.509455063433, -4.18781954366, -7.66376424855, 21.3436548925
0.0394977315492, -0.111520192375, -0.529372140309, 0.0345, -0.12, -0.510565590408, -4.49795839431, -7.63182686258, 13.594313988
0.0395535268944, -0.111552534761, -0.531447454081, 0.0345, -0.12, -0.511694038735, -4.7155602405, -7.50569155721, 20.6186701454
0.0395845759388, -0.111569884632, -0.532478069371, 0.0345, -0.12, -0.512839294772, -4.66926547791, -7.53505421739, 17.3309748972
0.0396236234464, -0.111592523552, -0.533417214134, 0.0345, -0.12, -0.51400022829, -4.72840362468, -7.49881204554, 16.8099209954
0.0396348879009, -0.111607790511, -0.534343169294, 0.0345, -0.12, -0.515175693588, -4.65519247442, -7.50718766215, 16.5021977218
0.0396053699681, -0.111609723175, -0.535273338251, 0.0345, -0.12, -0.516364530622, -4.50627917292, -7.54545114988, 16.2419226307
0.0396053699681, -0.111609723175, -0.535273338251, 0.0345, -0.12, -0.517565566156, -4.59483297132, -7.55124914246, 12.3338882849
0.0395390470674, -0.111597907153, -0.536213149976, 0.0345, -0.12, -0.518777614911, -4.33617365866, -7.59733162704, 14.8752704712
0.03941890217, -0.11156418699, -0.537207168984, 0.0345, -0.12, -0.519999480742, -4.06657726077, -7.69339219949, 14.8033789508
0.0390049242107, -0.111414588741, -0.539439462701, 0.0345, -0.12, -0.521229957814, -2.81249791162, -8.17566487991, 19.3940043307
0.0390049242107, -0.111414588741, -0.539439462701, 0.0345, -0.12, -0.522467831796, -4.05443178962, -7.72687013313, 11.5608458692
0.0388361530359, -0.111341110659, -0.540551983995, 0.0345, -0.12, -0.523711881055, -3.39622420807, -8.01343465387, 14.7615087504
0.0387372647601, -0.111286991294, -0.541647420645, 0.0345, -0.12, -0.524960877865, -3.51687345671, -8.00406593129, 14.5572080251
0.0385569691595, -0.111162340068, -0.543999734685, 0.0345, -0.12, -0.526213589616, -3.11038544152, -8.32784761546, 19.306337426
0.0385632787676, -0.111132377658, -0.545121414011, 0.0345, -0.12, -0.527468780034, -3.67587971535, -8.07074733922, 15.4868373024
0.0385632787676, -0.111132377658, -0.545121414011, 0.0345, -0.12, -0.528725210397, -3.65695089087, -7.98086010812, 10.9872921628
0.0387060637365, -0.111162123534, -0.546083441611, 0.0345, -0.12, -0.529981640761, -4.21381226935, -7.86485118877, 13.6084124767
0.0388658079214, -0.111200546221, -0.54704574957, 0.0345, -0.12, -0.531236831179, -4.40845968413, -7.80424034067, 13.3493791742
0.0389964441927, -0.111212197208, -0.549134205345, 0.0345, -0.12, -0.53248954293, -4.43870858728, -7.87406955326, 17.4874282433
0.0389568032097, -0.111188617129, -0.55015612444, 0.0345, -0.12, -0.53373853974, -3.8921999398, -8.00098482001, 14.0945930878
0.0389005870552, -0.111165318531, -0.551064132757, 0.0345, -0.12, -0.534982588999, -3.79187988603, -8.02110911605, 13.4652665562
0.0388270655726, -0.111134942745, -0.551940395395, 0.0345, -0.12, -0.536220462981, -3.67379456779, -8.06967888807, 13.0631051385
0.0388270655726, -0.111134942745, -0.551940395395, 0.0345, -0.12, -0.537450940053, -3.89435901538, -7.9785515296, 9.34907858986
0.0385446597027, -0.111032312307, -0.553738678099, 0.0345, -0.12, -0.538672805884, -2.79297612249, -8.37881023642, 15.2885356133
0.0383403305097, -0.110946156245, -0.554709867136, 0.0345, -0.12, -0.539884854639, -2.84330987972, -8.40692756453, 12.6199320941
0.0382630638774, -0.110882617104, -0.555564592515, 0.0345, -0.12, -0.541085890172, -3.15495759263, -8.39626202875, 11.991901646
0.0382531034087, -0.110831786056, -0.556378408606, 0.0345, -0.12, -0.542274727207, -3.347911662, -8.40388569387, 11.5682504285
0.0382531034087, -0.110831786056, -0.556378408606, 0.0345, -0.12, -0.543450192505, -3.37779306786, -8.25139254932, 8.10899859871
0.0382632552256, -0.110787659743, -0.557180090361, 0.0345, -0.12, -0.544611126023, -3.41738515382, -8.4234851699, 10.2343126128
0.0380977081281, -0.110657741728, -0.558985277664, 0.0345, -0.12, -0.54575638206, -2.74129602256, -8.79778649207, 13.8857998421
0.0379768266511, -0.110591913524, -0.559917794946, 0.0345, -0.12, -0.546884830387, -2.76649955521, -8.66476244079, 11.141874968
0.0379592662318, -0.110560086501, -0.560757433868, 0.0345, -0.12, -0.547995357362, -3.06065835068, -8.59140321793, 10.6732046964
0.0379866125763, -0.110543106932, -0.561568321592, 0.0345, -0.12, -0.549086867027, -3.21999035214, -8.56214246828, 10.3914432853
0.0379866125763, -0.110543106932, -0.561568321592, 0.0345, -0.12, -0.550158282197, -3.13795131868, -8.51120376137, 7.05478994878
0.0380099906726, -0.110532832363, -0.562372682505, 0.0345, -0.12, -0.551208545512, -3.22912589419, -8.55127457941, 9.31001608589
0.0379577413399, -0.110515237828, -0.563236058864, 0.0345, -0.12, -0.552236620489, -2.95521920778, -8.58906956087, 9.40539868206
0.037566907591, -0.110438302326, -0.565173351584, 0.0345, -0.12, -0.553241492544, -1.58771558509, -8.83633441226, 13.5359351319
0.0374455615526, -0.110398104399, -0.56607642067, 0.0345, -0.12, -0.554222169987, -2.28696728225, -8.76229982182, 10.436000541
0.0374455615526, -0.110398104399, -0.56607642067, 0.0345, -0.12, -0.55517768501, -2.65100539734, -8.64170604093, 6.9423170244
0.0379538372613, -0.110366620491, -0.567390203135, 0.0345, -0.12, -0.556107094635, -4.63328066114, -8.76449328026, 11.3079161716
0.0381804204781, -0.110345299804, -0.568077138101, 0.0345, -0.12, -0.557009481645, -3.99212808077, -8.75319223913, 9.31453467708
0.0381804204781, -0.110345299804, -0.568077138101, 0.0345, -0.12, -0.557883955494, -3.31237843028, -8.68923017649, 6.55044279739
0.038231659189, -0.110347630091, -0.568776060142, 0.0345, -0.12, -0.558729653183, -3.51220940274, -8.68014205649, 8.60143932365
0.0380662222372, -0.110354250973, -0.569566055027, 0.0345, -0.12, -0.559545740108, -2.7132891583, -8.6613114779, 8.94000730416
0.037203444231, -0.11035044851, -0.571370385402, 0.0345, -0.12, -0.560331410892, 0.155234211018, -8.69600373205, 12.9910558295
0.037203444231, -0.11035044851, -0.571370385402, 0.0345, -0.12, -0.561085890172, -2.43309980786, -8.68459634136, 6.99260786631
0.0370955437485, -0.11033377033, -0.572072287915, 0.0345, -0.12, -0.561808433368, -2.01228792637, -8.74964124271, 9.17554704338
0.0374141048373, -0.110298802962, -0.572554844452, 0.0345, -0.12, -0.562498327418, -3.57837761985, -8.83597943855, 8.42885279589
0.038317705421, -0.110205780929, -0.573401468649, 0.0345, -0.12, -0.563154891478, -6.14673662997, -9.09386326075, 9.79209986304
0.038317705421, -0.110205780929, -0.573401468649, 0.0345, -0.12, -0.563777477599, -3.43593487888, -8.81479716359, 6.79383357966
0.0380739461025, -0.110249923482, -0.574560966026, 0.0345, -0.12, -0.564365471365, -2.48527353697, -8.64264120907, 10.89045603
0.0375952314436, -0.110306331219, -0.575235083429, 0.0345, -0.12, -0.564918292496, -1.34956432232, -8.55507869285, 9.64900065623
0.0375952314436, -0.110306331219, -0.575235083429, 0.0345, -0.12, -0.565435395425, -2.78570829922, -8.72430190327, 7.26841041787
0.0374265081587, -0.110378990098, -0.57610933537, 0.0345, -0.12, -0.565916269833, -2.12768748834, -8.44093227435, 10.35389158
0.0374265081587, -0.110378990098, -0.57610933537, 0.0345, -0.12, -0.566360441156, -2.63385734286, -8.65890891198, 7.44149082481
0.037438090665, -0.11039595413, -0.576493095741, 0.0345, -0.12, -0.566767471049, -2.67902911739, -8.59274918676, 8.68325365699
0.0375658538017, -0.110393892276, -0.576799589986, 0.0345, -0.12, -0.567136957825, -3.14255783138, -8.65168251469, 8.50739135151
0.0376960933281, -0.110380397931, -0.577096045464, 0.0345, -0.12, -0.567468536843, -3.26720257459, -8.69812489755, 8.55938713881
0.0377733051122, -0.110347594717, -0.577682628827, 0.0345, -0.12, -0.567761880875, -3.17760995315, -8.78557439714, 9.80839114899
0.0376747099074, -0.110348852037, -0.57797768361, 0.0345, -0.12, -0.568016700427, -2.56145330254, -8.6822612046, 9.08559055894
0.0376747099074, -0.110348852037, -0.57797768361, 0.0345, -0.12, -0.568232744021, -2.8572389167, -8.6860331665, 8.12231484567
0.0376078378324, -0.110366972621, -0.578210734451, 0.0345, -0.12, -0.56840979845, -2.5964378241, -8.61536288908, 8.98883163833
0.0374749731524, -0.110404469397, -0.578601103625, 0.0345, -0.12, -0.568547688982, -2.27888179698, -8.52348721637, 9.80550910472
0.0375742788131, -0.110413667783, -0.578684601281, 0.0345, -0.12, -0.568646279535, -3.06476791414, -8.60010383753, 8.98921088063
0.0378040461245, -0.110415151057, -0.578675587045, 0.0345, -0.12, -0.568705472812, -3.66294344624, -8.62191422761, 8.7684802699
0.0378040461245, -0.110415151057, -0.578675587045, 0.0345, -0.12, -0.568725210397, -2.97364151207, -8.62636404911, 8.8961262266
0.0378289976769, -0.110442712966, -0.578726691438, 0.0345, -0.12, -0.568705472812, -3.07095256629, -8.51887260329, 9.23162269838
0.0376960918239, -0.110463003146, -0.578757569705, 0.0345, -0.12, -0.568646279535, -2.47776508239, -8.52242662711, 9.37037578897
0.0376232433058, -0.110476318523, -0.578729075195, 0.0345, -0.12, -0.568547688982, -2.59237342121, -8.53136719849, 9.3735357186
0.0376232433058, -0.110476318523, -0.578729075195, 0.0345, -0.12, -0.56840979845, -2.81091897526, -8.57131332922, 9.70102066486
0.0376902621497, -0.110478314347, -0.578609412556, 0.0345, -0.12, -0.568232744021, -3.07229246632, -8.56352961456, 9.5111770531
0.0381073767882, -0.110469110419, -0.57813552209, 0.0345, -0.12, -0.568016700427, -4.49798302502, -8.60541240713, 8.33339888195
0.038221327247, -0.110470078572, -0.577867821854, 0.0345, -0.12, -0.567761880875, -3.69104589854, -8.57402482557, 9.05670482763
0.038221327247, -0.110470078572, -0.577867821854, 0.0345, -0.12, -0.567468536843, -3.34919452229, -8.5769292849, 10.2393886075
0.0376613623091, -0.110509694681, -0.577523615235, 0.0345, -0.12, -0.567136957825, -1.1653312644, -8.42242646283, 9.31010886782
0.0376613623091, -0.110509694681, -0.577523615235, 0.0345, -0.12, -0.566767471049, -2.84522607816, -8.5412747875, 10.7889900932
0.0374958287328, -0.110526031499, -0.577234686838, 0.0345, -0.12, -0.566360441156, -2.19964513079, -8.47756119674, 10.1411256018
0.0376528867621, -0.11051762253, -0.576773598293, 0.0345, -0.12, -0.565916269833, -3.3087721736, -8.55936662859, 9.72084394612
0.0380233334302, -0.110504249267, -0.576166835017, 0.0345, -0.12, -0.565435395425, -4.28234009149, -8.58629544989, 9.28062903165
0.0387615872067, -0.11046893843, -0.574786141961, 0.0345, -0.12, -0.564918292496, -6.0501898155, -8.68388792436, 6.29029413717
0.0387615872067, -0.11046893843, -0.574786141961, 0.0345, -0.12, -0.564365471365, -3.83542848601, -8.57795541323, 11.03706693
0.0378165487314, -0.110493854128, -0.573909836168, 0.0345, -0.12, -0.563777477599, -0.149778432406, -8.48078419114, 8.25418663065
0.0372490364798, -0.110508570928, -0.573444355842, 0.0345, -0.12, -0.563154891478, -0.77159607718, -8.49813576278, 9.73183531311
0.0372490364798, -0.110508570928, -0.573444355842, 0.0345, -0.12, -0.562498327418, -2.47413283185, -8.54228616453, 11.8211177621
0.0371704225566, -0.110476370253, -0.572780087415, 0.0345, -0.12, -0.561808433368, -2.16753853127, -8.66786879866, 9.95136551051
0.0379518507471, -0.110370877178, -0.570905917513, 0.0345, -0.12, -0.561085890172, -5.45095024391, -8.98268976466, 5.38314448895
0.0383189663173, -0.110327978524, -0.56992120835, 0.0345, -0.12, -0.560331410892, -4.53841639595, -8.83351529112, 7.94012806141
0.0381167982292, -0.110312865622, -0.569193176882, 0.0345, -0.12, -0.559545740108, -2.64861414219, -8.76375964396, 8.85561104428
0.0381167982292, -0.110312865622, -0.569193176882, 0.0345, -0.12, -0.558729653183, -3.25511840629, -8.71842093984, 11.8654321069
0.0376106910144, -0.110317615893, -0.568587305389, 0.0345, -0.12, -0.557883955494, -1.28130026834, -8.69989488463, 10.3524934929
0.0371140185554, -0.110337362903, -0.567943293531, 0.0345, -0.12, -0.557009481645, -0.86259932312, -8.6371323566, 10.5318166703
0.0367257946274, -0.110413873276, -0.566287934323, 0.0345, -0.12, -0.556107094635, -0.838543380566, -8.39798293248, 6.90383912586
0.0367257946274, -0.110413873276, -0.566287934323, 0.0345, -0.12, -0.55517768501, -2.00321516466, -8.62751405147, 12.7874532538
0.0369860071978, -0.110445257741, -0.565286076873, 0.0345, -0.12, -0.554222169987, -3.01804418938, -8.50511463736, 9.8184889184
0.0380139462259, -0.110494612353, -0.563075963933, 0.0345, -0.12, -0.553241492544, -6.24636868735, -8.40678504618, 5.16271775861
0.0380139462259, -0.110494612353, -0.563075963933, 0.0345, -0.12, -0.552236620489, -3.16255160328, -8.55484888206, 12.7700252623
0.0384560172799, -0.110544633454, -0.561116314246, 0.0345, -0.12, -0.551208545512, -4.88662871416, -8.35976659096, 6.1222677357
0.0383842203932, -0.110572092668, -0.560262947877, 0.0345, -0.12, -0.550158282197, -3.28040769359, -8.40273895494, 9.68488995089
0.0380438920805, -0.110577750366, -0.559594901337, 0.0345, -0.12, -0.549086867027, -2.16851793432, -8.46305157874, 10.6673367634
0.0377106254706, -0.110578454789, -0.55895927598, 0.0345, -0.12, -0.547995357362, -1.8897630939, -8.47727742094, 11.2351796838
0.0375163135288, -0.110582744712, -0.558299707798, 0.0345, -0.12, -0.546884830387, -2.13174635049, -8.46265998768, 11.6262660485
0.0374839000753, -0.110595540453, -0.557599176445, 0.0345, -0.12, -0.54575638206, -2.58826970727, -8.42562637042, 11.9422658663
0.0374839000753, -0.110595540453, -0.557599176445, 0.0345, -0.12, -0.544611126023, -2.68551006776, -8.4640135923, 15.1250134912
0.0378308771682, -0.11066761613, -0.556055235657, 0.0345, -0.12, -0.543450192505, -4.03872073028, -8.18291845366, 10.1955170267
0.0378308771682, -0.11066761613, -0.556055235657, 0.0345, -0.12, -0.542274727207, -2.99778945142, -8.39914548338, 15.9288534972
0.0385360364441, -0.110842166597, -0.554206646666, 0.0345, -0.12, -0.541085890172, -5.74791062741, -7.71839866114, 9.82942497533
0.0385360364441, -0.110842166597, -0.554206646666, 0.0345, -0.12, -0.539884854639, -3.63243279973, -8.24205006287, 16.4927194242
0.0389655701356, -0.111013687291, -0.552336809871, 0.0345, -0.12, -0.538672805884, -5.30761419655, -7.57311935399, 10.324239468
0.0389752674886, -0.111082758446, -0.551428282542, 0.0345, -0.12, -0.537450940053, -4.05683279883, -7.81830393362, 13.5196237472
0.0389752674886, -0.111082758446, -0.551428282542, 0.0345, -0.12, -0.536220462981, -4.02774073978, -8.02551739833, 17.3784688226
0.0388007937472, -0.111101506221, -0.550610858986, 0.0345, -0.12, -0.534982588999, -3.34729314832, -7.95240107627, 15.326794264
0.0385953219601, -0.111111733985, -0.549758350168, 0.0345, -0.12, -0.53373853974, -3.06937440254, -7.96875612129, 15.592450707
0.0383325403781, -0.111176359732, -0.547799911424, 0.0345, -0.12, -0.53248954293, -2.66094159449, -7.74739900219, 11.6510058433
0.0383325403781, -0.111176359732, -0.547799911424, 0.0345, -0.12, -0.531236831179, -3.44928634032, -7.94127624152, 18.6649074755
0.0383192382083, -0.111207338391, -0.546788705369, 0.0345, -0.12, -0.529981640761, -3.39740787782, -7.82045946985, 15.8583112364
0.0383928788306, -0.111238590997, -0.545742772893, 0.0345, -0.12, -0.528725210397, -3.72451281444, -7.79151028617, 15.947299906
0.0385448985163, -0.111291888545, -0.544599953051, 0.0345, -0.12, -0.527468780034, -4.09646772193, -7.67740766519, 15.7588872796
0.0389296269039, -0.111413153559, -0.542228747784, 0.0345, -0.12, -0.526213589616, -5.14084937615, -7.36436675243, 11.065597803
0.039019349394, -0.111440653063, -0.541111645103, 0.0345, -0.12, -0.524960877865, -4.33658192494, -7.62091373099, 14.9425177271
0.0389821151923, -0.11142401673, -0.540103566847, 0.0345, -0.12, -0.523711881055, -3.92220106799, -7.76829394349, 15.4752728748
0.0389821151923, -0.11142401673, -0.540103566847, 0.0345, -0.12, -0.522467831796, -4.03390367307, -7.71838494303, 19.6043093233
0.0388521609199, -0.111379895146, -0.538118417468, 0.0345, -0.12, -0.521229957814, -3.52708201073, -7.89045911945, 12.9577874985
0.0388521609199, -0.111379895146, -0.538118417468, 0.0345, -0.12, -0.519999480742, -3.91694482791, -7.75809436835, 19.9984742715
0.0388481759473, -0.111388902009, -0.537044558258, 0.0345, -0.12, -0.518777614911, -3.90140343487, -7.72296760272, 16.8842688736
0.038891906032, -0.111417572074, -0.535979124093, 0.0345, -0.12, -0.517565566156, -4.08390568288, -7.6381749376, 17.0120459135
0.0391587348341, -0.111558093033, -0.533652911456, 0.0345, -0.12, -0.516364530622, -4.99334775691, -7.17615339573, 12.1840114402
0.0392972566563, -0.111628711269, -0.532522334387, 0.0345, -0.12, -0.515175693588, -4.73309645743, -7.32230514744, 15.7867566162
0.0393138985984, -0.111641176647, -0.531550401219, 0.0345, -0.12, -0.51400022829, -4.38243456486, -7.48554488664, 16.4057520245
0.0392834282073, -0.111626735814, -0.530638416777, 0.0345, -0.12, -0.512839294772, -4.21367421314, -7.57926026593, 16.7660570308
0.0392834282073, -0.111626735814, -0.530638416777, 0.0345, -0.12, -0.511694038735, -4.30508538656, -7.53593776761, 20.4857083492
0.0392564475282, -0.111606525033, -0.529751014558, 0.0345, -0.12, -0.510565590408, -4.19986073792, -7.61475981339, 17.9900200609
0.0392753087211, -0.111597377771, -0.528816147076, 0.0345, -0.12, -0.509455063433, -4.35436142773, -7.58980179232, 17.9519537569
0.0393581280897, -0.111606992546, -0.527801286986, 0.0345, -0.12, -0.508363553767, -4.6207733866, -7.52486238138, 17.7239086242
0.0394848612046, -0.111630599548, -0.526762263889, 0.0345, -0.12, -0.507292138598, -4.86657442884, -7.46163940314, 17.6202889791
0.0397860388471, -0.11169648002, -0.524651688241, 0.0345, -0.12, -0.506241875283, -5.66096788979, -7.27552656368, 13.3878946601
0.0397860388471, -0.11169648002, -0.524651688241, 0.0345, -0.12, -0.505213800306, -4.75743496236, -7.47316798166, 20.5783240743
0.0398319914323, -0.111694034361, -0.522755926306, 0.0345, -0.12, -0.504208928251, -4.93665004485, -7.48270605443, 14.019628609
0.0398049545531, -0.111674706667, -0.521838503265, 0.0345, -0.12, -0.503228250808, -4.69334846025, -7.55074708101, 16.9389904211
0.0398049545531, -0.111674706667, -0.521838503265, 0.0345, -0.12, -0.502272735785, -4.77445909782, -7.49276399975, 20.4757358017
0.0396993587645, -0.111634750565, -0.521061112677, 0.0345, -0.12, -0.50134332616, -4.36263552225, -7.64859279857, 18.2020649744
0.0396064586492, -0.111592682261, -0.520274031712, 0.0345, -0.12, -0.50044093915, -4.31711243821, -7.69279087525, 18.1957014415
0.0395825203006, -0.111557931892, -0.519386007941, 0.0345, -0.12, -0.499566465301, -4.50245322494, -7.70211240378, 17.7969386114
0.0396348832166, -0.111535816809, -0.518457174612, 0.0345, -0.12, -0.498720767612, -4.7784836428, -7.68411012341, 17.5133593782
0.0397566831374, -0.111527003136, -0.517501082411, 0.0345, -0.12, -0.497904680686, -5.09641458623, -7.65213819398, 17.2167457264
0.040119507011, -0.111536289383, -0.515562024267, 0.0345, -0.12, -0.497119009902, -6.14602793075, -7.58948081481, 13.1385508481
0.040119507011, -0.111536289383, -0.515562024267, 0.0345, -0.12, -0.496364530622, -5.05755630994, -7.61733955518, 19.5411821201
0.040159484398, -0.111516910869, -0.513944729651, 0.0345, -0.12, -0.495641987426, -5.21346811922, -7.69291575986, 13.7882137416
0.040159484398, -0.111516910869, -0.513944729651, 0.0345, -0.12, -0.494952093377, -5.09353595823, -7.6347802178, 19.1630547935
0.0401010427898, -0.111494132593, -0.513211829533, 0.0345, -0.12, -0.494295529317, -4.86561368617, -7.72361549437, 16.7956620212
0.0399972667901, -0.111462522233, -0.512548166585, 0.0345, -0.12, -0.493672943196, -4.63621211176, -7.77856106933, 16.8644705688
0.0399285303004, -0.111426556531, -0.511847291326, 0.0345, -0.12, -0.49308494943, -4.67946780149, -7.82399622721, 16.5474632292
